Country,ISO2,F1961,F1962,F1963,F1964,F1965,F1966,F1967,F1968,F1969,F1970,F1971,F1972,F1973,F1974,F1975,F1976,F1977,F1978,F1979,F1980,F1981,F1982,F1983,F1984,F1985,F1986,F1987,F1988,F1989,F1990,F1991,F1992,F1993,F1994,F1995,F1996,F1997,F1998,F1999,F2000,F2001,F2002,F2003,F2004,F2005,F2006,F2007,F2008,F2009,F2010,F2011,F2012,F2013,F2014,F2015,F2016,F2017,F2018,F2019,F2020,F2021,F2022
"Afghanistan, Islamic Rep. of",AF,-0.113,-0.164,0.847,-0.764,-0.244,0.226,-0.371,-0.423,-0.539,0.813,0.619,-1.124,0.232,-0.489,-0.445,-0.286,0.513,0.129,0.361,0.6,0.483,-0.346,0.164,0.145,0.283,-0.141,0.391,0.919,-0.205,0.73,-0.168,-0.294,0.22,0.43,0.359,-0.116,0.471,0.675,1.198,0.993,1.311,1.365,0.587,1.373,0.401,1.72,0.675,0.704,0.895,1.613,1.397,0.223,1.281,0.456,1.093,1.555,1.54,1.544,0.91,0.498,1.327,2.012
Albania,AL,0.627,0.326,0.075,-0.166,-0.388,0.559,-0.074,0.081,-0.013,-0.106,-0.195,-0.069,-0.288,-0.139,-0.211,-0.683,0.545,-0.814,0.203,-0.414,-0.351,0.173,-0.128,-0.27,-0.103,0.569,-0.106,0.37,-0.066,0.795,-0.269,0.106,0.076,1.33,-0.172,-0.038,0.075,0.795,0.67,1.065,1.532,0.492,0.97,0.444,0.189,0.345,1.316,0.978,0.91,1.191,1.055,1.487,1.333,1.198,1.569,1.464,1.121,2.028,1.675,1.498,1.536,1.518
Algeria,DZ,0.164,0.114,0.077,0.25,-0.1,0.433,-0.026,-0.067,0.291,0.116,-0.385,-0.348,-0.015,-0.503,-0.539,-0.782,0.504,0.012,0.654,0.232,0.215,0.399,0.56,-0.004,0.508,0.296,0.975,1.304,0.386,1.266,0.031,-0.312,0.552,0.732,0.595,0.846,1.059,1.109,1.476,0.82,1.856,1.258,1.585,0.988,1.264,1.395,1.22,1.185,0.945,2.265,1.398,1.147,1.192,1.69,1.121,1.757,1.512,1.21,1.115,1.926,2.33,1.688
American Samoa,AS,0.079,-0.042,0.169,-0.14,-0.562,0.181,-0.368,-0.187,0.132,-0.047,-0.477,-0.067,0.33,-0.308,-0.118,-0.177,0.156,0.092,0.341,0.35,0.179,0.28,0.313,0.277,0.256,0.394,0.354,0.509,0.143,0.497,0.641,0.344,-0.069,0.189,0.755,0.784,1.788,1.018,0.242,0.626,0.904,1.152,0.716,0.191,0.801,0.403,1.032,0.67,1.413,1.311,0.854,0.924,1.257,1.17,1.009,1.539,1.435,1.189,1.539,1.43,1.268,1.256
"Andorra, Principality of",AD,0.736,0.112,-0.752,0.308,-0.49,0.415,0.637,0.018,-0.137,0.121,-0.326,-0.499,0.025,-0.371,0.246,-0.045,-0.093,-0.163,0.058,-0.188,0.178,1.044,0.859,-0.157,0.059,0.387,0.397,0.883,1.162,1.736,0.231,0.386,0.174,1.508,1.279,0.57,1.788,1.018,1.055,1.05,1.48,0.835,1.949,0.936,0.851,1.485,1.024,0.946,1.413,0.471,1.677,1.265,0.831,1.946,1.69,1.99,1.925,1.919,1.964,2.562,1.533,3.243
Angola,AO,0.041,-0.152,-0.19,-0.229,-0.196,0.175,-0.081,-0.193,0.188,0.248,-0.097,-0.035,0.475,-0.158,-0.029,-0.313,0.272,0.037,0.291,0.279,-0.071,0.164,0.487,0.631,0.694,0.176,0.689,0.572,-0.055,0.687,0.341,0.466,0.256,0.212,0.753,0.37,0.107,1.064,0.417,0.169,0.295,0.735,0.889,0.414,1.021,0.561,0.885,0.501,0.708,1.194,0.88,0.552,1.044,0.828,1.331,1.609,0.87,1.395,1.752,1.162,1.553,1.212
Anguilla,AI,0.086,-0.024,0.234,0.189,-0.365,-0.001,-0.257,-0.2,0.317,0.082,-0.269,-0.179,0.17,-0.37,-0.334,-0.426,0.096,0.13,0.034,0.698,0.532,0.097,0.524,0.105,0.006,0.013,0.569,0.457,-0.002,0.432,0.441,0.365,0.535,0.575,0.651,0.35,0.459,1.06,0.532,0.264,0.587,0.706,0.816,0.521,0.828,0.691,0.957,0.411,0.566,1.09,0.489,0.64,0.77,0.814,1.051,1.125,0.96,0.664,0.843,1.224,0.893,0.839
Antigua and Barbuda,AG,0.09,0.031,0.288,0.214,-0.385,0.097,-0.192,-0.225,0.271,0.109,-0.233,-0.214,0.164,-0.377,-0.419,-0.467,0.076,0.161,0.16,0.646,0.564,0.162,0.489,0.009,-0.051,-0.023,0.649,0.395,-0.077,0.417,0.459,0.445,0.528,0.493,0.677,0.377,0.455,1.046,0.541,0.335,0.425,0.634,0.783,0.501,0.843,0.659,0.934,0.394,0.498,1.153,0.586,0.696,0.783,0.744,1.035,1.097,0.958,0.627,0.797,1.131,0.862,0.77
Argentina,AR,0.122,-0.046,0.162,-0.343,0.09,-0.163,0,0.472,0.292,0.438,-0.26,-0.008,-0.139,-0.106,-0.021,-0.321,0.432,0.362,0.266,0.373,0.378,0.359,0.046,-0.1,0.308,0.46,0.446,-0.192,0.611,0.436,0.261,-0.261,0.086,0.487,0.259,0.512,0.759,0.351,0.16,-0.186,0.425,0.278,0.635,0.47,0.281,0.596,-0.169,0.601,0.857,0.135,0.386,0.798,0.442,0.951,0.957,0.488,1.095,0.878,0.76,1.123,1.031,0.643
Australia,AU,0.157,0.126,-0.096,-0.012,0.14,-0.23,-0.093,-0.203,0.103,-0.007,-0.044,0.091,0.831,-0.354,0.048,-0.522,0.176,0.062,0.375,0.887,0.495,0.186,0.633,-0.157,0.349,0.388,0.363,0.96,0.153,0.549,0.82,0.281,0.484,0.221,0.413,0.604,0.383,1.092,0.58,0.148,0.336,0.736,0.835,0.723,1.211,0.721,0.929,0.625,1.03,0.673,0.208,0.308,1.499,1.198,1.087,1.172,1.141,1.129,1.422,1.416,0.629,0.754
Austria,AT,1.031,-0.621,-0.727,-0.371,-0.883,0.602,0.676,0.211,-0.126,-0.55,-0.06,0.103,-0.033,0.314,0.86,0.216,0.499,-0.476,-0.112,-0.274,0.277,0.384,1.062,-0.249,-0.568,0.319,-0.263,0.82,1.104,1.262,0.125,1.248,0.527,1.958,0.939,-0.203,0.514,1.343,0.986,1.769,1.501,1.531,1.464,0.829,0.628,0.907,2.137,1.582,1.544,0.656,1.373,1.783,1.098,2.409,2.167,2.096,1.741,2.524,2.37,2.315,1.395,2.498
"Bahamas, The",BS,0.073,-0.062,-0.097,0.192,0.054,-0.172,-0.146,-0.324,-0.065,-0.469,-0.055,0.301,0.166,-0.058,0.334,-0.241,-0.04,0.04,0.133,0.377,-0.03,0.531,0.155,0.02,0.242,0.23,0.466,0.426,0.672,0.764,0.788,0.286,0.378,0.801,0.671,0.008,0.787,0.924,0.619,0.163,0.135,0.856,0.989,0.311,0.455,0.385,0.937,0.842,0.41,0.314,0.363,0.344,0.565,0.883,1.114,1.042,1.331,1.023,1.443,1.611,0.879,1.48
"Bahrain, Kingdom of",BH,-0.471,0.397,0.635,-0.561,0.234,0.535,-0.362,-0.446,0.567,0.247,-0.248,-0.613,-0.273,-0.256,-0.217,-0.501,0.332,0.099,0.856,0.351,0.408,-0.086,-0.834,0.039,0.367,0.668,0.548,0.633,0.047,0.455,-0.243,-0.544,0.127,0.998,0.251,0.695,0.376,1.435,2.055,1.119,1.216,1.552,1.256,1.385,1.065,1.823,1.08,1.329,1.224,2.286,1.431,1.385,1.403,1.694,2.24,1.598,2.08,2.247,2.108,2.027,2.464,2.017
Bangladesh,BD,0.152,-0.265,-0.09,0.107,-0.195,0.308,-0.226,-0.236,-0.007,-0.021,-0.579,-0.012,0.168,-0.125,-0.102,-0.104,-0.275,-0.216,0.495,0.128,-0.17,-0.041,-0.132,-0.322,0.05,0.026,0.341,0.341,0.064,-0.149,-0.024,-0.146,-0.446,0.175,0.173,0.137,-0.173,0.504,0.78,0.226,0.316,0.398,0.239,0.269,0.592,0.814,0.266,0.093,0.844,0.768,0.144,0.235,0.23,0.482,0.722,1.337,1.124,0.881,1.136,0.898,1.3,1.216
Barbados,BB,0.221,0.094,0.2,-0.011,-0.28,-0.149,-0.252,-0.363,0.31,0.074,-0.174,-0.015,0.006,-0.336,-0.556,-0.444,-0.054,0.248,0.042,0.485,0.304,0.165,0.281,-0.076,-0.263,-0.179,0.536,0.385,0.187,0.356,0.422,0.333,0.394,0.388,0.463,0.315,0.288,1.079,0.466,0.303,0.506,0.546,0.888,0.7,1.13,0.844,0.679,0.316,0.429,1.147,0.677,0.488,0.778,0.418,0.868,1.446,1.342,0.85,1.556,1.716,1.286,1.031
Belize,BZ,-0.001,-0.137,-0.06,-0.055,-0.105,-0.195,-0.297,-0.205,0.26,-0.21,-0.275,0.442,0.347,0.101,-0.059,-0.416,0.134,-0.025,0.524,0.576,-0.068,0.526,0.685,0.254,0.455,0.135,0.35,0.46,0.173,0.339,0.542,0.311,0.447,0.756,0.759,0.21,0.866,0.904,0.422,0.175,0.445,0.733,0.948,0.701,0.849,0.655,0.85,0.579,0.922,0.843,0.724,0.644,0.785,0.697,1.502,1.446,1.342,0.85,1.556,1.716,1.286,1.031
Benin,BJ,-0.137,-0.24,0.152,-0.218,-0.094,-0.007,-0.252,-0.129,0.303,0.305,-0.183,0.08,0.627,0.089,-0.274,-0.194,0.357,-0.045,0.499,0.425,0.161,0.211,0.548,0.542,0.411,0.307,0.977,0.631,-0.052,0.58,0.302,-0.027,0.531,0.439,0.406,0.736,0.557,1.042,0.621,0.449,0.517,0.721,0.936,0.706,1.105,1.035,0.806,0.632,0.95,1.23,0.949,0.595,0.853,0.94,1.111,1.025,1.16,1.056,1.147,1.031,1.522,0.884
Bhutan,BT,0.213,-0.292,-0.22,0.065,-0.565,0.14,-0.378,-0.478,0.102,-0.027,-0.227,-0.014,0.31,0.188,0.103,-0.042,-0.059,-0.213,0.414,0.081,0.212,-0.111,-0.286,-0.055,0.113,-0.068,0.256,0.567,0.22,-0.087,0.081,-0.229,-0.248,0.315,0.518,0.307,-0.3,0.825,1.022,0.214,0.72,0.492,0.498,0.476,0.745,0.955,0.978,0.555,1.394,1.202,0.534,0.512,0.742,0.86,1.068,1.487,1.457,1.346,1.329,1.09,1.707,1.523
Bolivia,BO,0.247,0.012,0.409,-0.123,0.22,-0.083,0.332,-0.162,0.522,0.173,-0.583,0.13,0.227,-0.154,-0.087,-0.249,0.276,0.27,0.181,0.176,0.167,0.324,0.537,0.289,0.33,0.437,0.692,0.334,0.129,0.183,0.603,0.031,0.404,0.883,0.77,0.29,0.825,0.926,0.337,0.403,0.653,1.016,0.641,0.846,0.764,0.935,0.537,0.396,0.658,0.68,1.165,0.831,0.507,0.955,1.533,0.824,0.981,0.562,0.921,1.315,0.738,0.644
Botswana,BW,0.151,0.262,-0.472,-0.057,0.098,0.436,-0.458,-0.195,0.197,0.598,-0.126,-0.475,0.602,-0.746,-0.225,-0.717,0.3,-0.065,0.543,-0.038,-0.441,0.31,1.012,0.442,0.293,0.278,1.27,0.287,-0.306,0.738,0.062,0.813,0.512,-0.123,1.141,-0.319,-0.096,0.857,0.552,-0.718,-0.186,0.359,0.74,-0.133,1.039,-0.505,0.23,0.153,-0.319,0.936,-0.048,0.473,0.77,-0.092,1.546,1.469,0.017,0.734,1.525,0.493,-0.425,-1.305
Brazil,BR,0.167,-0.184,0.158,-0.213,-0.075,0.044,0.073,-0.409,0.331,0.13,-0.134,0.114,0.443,-0.179,-0.14,-0.185,0.252,0.03,0.017,0.313,0.191,0.277,0.471,0.294,0.092,0.285,0.722,0.461,0.13,0.435,0.468,0.403,0.495,0.608,0.799,0.504,0.671,1.234,0.523,0.495,0.746,1.052,0.927,0.768,1.085,0.77,0.969,0.731,0.969,1.112,0.814,1.023,0.922,1.153,1.516,1.457,1.363,1.148,1.517,1.477,1.154,0.926
British Virgin Islands,VG,0.093,-0.072,0.189,0.184,-0.338,-0.11,-0.321,-0.145,0.356,0.051,-0.274,-0.136,0.214,-0.353,-0.218,-0.368,0.123,0.109,-0.05,0.75,0.512,0.099,0.533,0.211,0.088,0.04,0.514,0.512,0.054,0.446,0.439,0.333,0.541,0.666,0.613,0.337,0.459,1.091,0.525,0.192,0.57,0.741,0.843,0.548,0.825,0.76,1.007,0.406,0.621,1.053,0.393,0.61,0.782,0.878,1.065,1.204,0.971,0.703,0.915,1.317,0.956,0.875
Brunei Darussalam,BN,0.062,-0.017,-0.165,0.054,-0.235,0.183,-0.093,-0.177,0.227,0.086,-0.248,0.018,0.255,-0.151,0.004,-0.337,-0.075,0.123,0.275,0.185,0.122,0.186,0.563,0.021,0.181,0.156,0.498,0.471,0.057,0.381,0.384,0.326,0.228,0.453,0.471,0.429,0.671,1.296,0.575,0.485,0.602,0.669,0.735,0.673,0.893,0.718,0.743,0.511,0.875,1.012,0.725,0.912,1.195,1.028,1.281,1.74,1.468,1.41,1.624,1.783,1.458,1.446
Bulgaria,BG,0.903,0.488,-0.248,-0.528,-0.456,1.151,0.027,0.421,-0.485,0.205,-0.139,0.136,-0.426,-0.198,0.39,-0.838,0.563,-0.71,0.165,-0.448,-0.043,-0.13,0.389,-0.022,-0.605,0.36,-0.484,0.128,0.405,0.797,-0.161,0.149,-0.322,1.583,0.221,-0.36,-0.336,0.775,0.696,1.184,1.648,0.854,0.181,0.533,0.215,0.571,1.883,1.177,1.291,1.361,0.422,1.678,1.476,1.196,1.438,1.899,0.954,2.192,2.112,2.037,1.629,1.831
Burkina Faso,BF,-0.285,-0.208,0.168,-0.218,-0.141,-0.147,-0.174,-0.209,0.543,0.359,-0.019,0.135,0.671,-0.056,-0.311,-0.316,0.267,0.212,0.434,0.805,0.282,0.18,0.724,0.799,0.472,0.356,1.011,0.593,0.009,0.603,0.527,0.004,0.725,0.311,0.401,0.917,0.621,1.006,0.548,0.537,0.502,1.015,0.986,0.867,1.449,1.162,0.867,0.297,0.942,1.25,1.001,0.492,0.849,0.888,1.111,1.075,1.212,1.156,1.065,1.044,1.624,0.802
Cabo Verde,CV,-0.12,0.219,0.47,0.011,-0.322,0.261,-0.081,-0.388,0.939,0.806,-0.153,0.104,0.377,-0.568,-0.019,-0.341,0.104,0.281,0.641,0.618,0.27,0.514,0.51,0.194,0.103,-0.028,1.006,0.815,0.95,1.313,0.68,0.888,0.508,0.442,1.475,1.598,1.654,1.78,0.794,1.039,1.329,1.478,1.569,1.604,1.171,1.356,0.821,1.302,0.772,1.225,1.372,1.338,1.331,1.083,1.071,1.692,2,0.926,1.622,1.401,1.765,1.853
Cambodia,KH,-0.035,-0.134,-0.309,0.156,-0.196,0.433,-0.089,-0.124,0.478,0.069,-0.468,0.007,0.36,-0.343,-0.019,-0.485,0.104,0.29,0.479,0.417,0.389,0.15,0.537,0.194,0.348,0.128,0.694,0.415,0.324,0.674,0.597,0.556,0.425,0.496,0.738,0.357,0.393,1.414,0.409,0.296,0.571,0.836,0.711,0.594,0.781,0.767,0.604,0.43,0.453,1.225,0.424,0.875,1.005,0.614,1.081,1.473,1.095,0.787,1.552,1.401,0.912,0.948
Cameroon,CM,-0.117,-0.218,0.126,-0.157,-0.11,-0.01,-0.107,-0.122,0.225,0.175,-0.132,0.055,0.566,-0.076,-0.207,-0.163,0.304,0.056,0.4,0.35,0.045,0.061,0.164,0.196,0.025,0.084,0.487,0.29,-0.384,0.651,0.563,-0.205,0.247,0.305,0.28,0.335,0.547,1.082,0.604,0.319,0.198,0.77,0.707,0.779,1.004,0.983,0.626,0.653,1.047,1.181,0.655,0.416,0.707,0.882,1.16,1.213,1.165,1.156,1.45,1.281,1.47,1.044
Canada,CA,0.057,-0.118,0.335,-0.299,-0.867,-0.152,-0.452,0.476,-0.003,0.426,-0.023,-1.796,0.306,-0.846,0.225,0.083,1.079,-0.605,-0.214,0.917,1.562,-0.673,0.488,0.337,-0.311,0.011,1.34,1.204,0.017,0.078,0.336,0.1,0.342,0.467,0.938,-0.125,0.426,2.47,1.694,1.291,1.421,0.54,1.24,0.485,1.282,2.343,1.333,0.851,0.539,2.915,1.438,2.144,1.182,0.288,1.231,2.373,1.48,0.477,1.311,1.128,2.515,1.268
Cayman Islands,KY,-0.003,-0.153,-0.303,-0.136,-0.05,-0.122,-0.19,-0.341,0.157,-0.185,-0.194,0.197,0.357,0.433,1.023,-0.077,0.255,0.204,0.332,0.614,0.012,0.57,0.384,0.26,0.165,0.225,0.551,0.788,0.785,0.77,0.842,0.549,1.055,1.326,1.355,0.78,1.334,1.265,0.792,0.683,0.4,0.745,0.845,0.957,0.987,0.925,1.077,0.884,0.787,0.989,0.675,0.743,0.899,1.106,1.347,1.284,1.257,0.865,1.237,1.278,0.957,0.974
Central African Rep.,CF,-0.003,-0.306,0.037,-0.136,-0.05,0.064,-0.229,-0.168,0.143,0.245,-0.055,0.064,0.545,-0.058,-0.049,-0.117,0.203,0.044,0.38,0.439,0.003,0.229,0.425,0.125,0.156,0.478,0.504,0.265,-0.148,0.347,0.612,-0.457,0.329,0.562,0.187,0.047,0.458,1.195,0.502,0.683,0.4,0.745,0.845,0.957,0.983,0.967,0.537,0.682,1.119,1.162,0.763,0.491,0.865,0.697,0.983,1.222,1.224,1.145,1.264,1.14,1.268,1.032
Chad,TD,-0.409,-0.26,0.291,-0.176,-0.092,-0.007,-0.377,-0.155,0.553,0.163,-0.241,0.206,0.719,-0.032,-0.172,0.232,-0.048,-0.132,0.459,0.337,0.037,0.306,-0.047,0.508,0.172,0.63,0.344,0.133,-0.271,0.416,0.649,-0.279,0.275,0.381,0.175,0.586,0.485,0.841,0.569,0.281,0.291,0.797,0.838,0.831,1.148,1.368,0.605,0.466,1.236,1.181,0.969,0.553,1.013,0.856,1.294,0.939,1.026,1.527,1.306,1.192,1.146,0.738
Chile,CL,-0.301,0.249,0.054,-0.22,0.115,-0.169,-0.142,0.366,0.155,0.205,-0.364,-0.13,-0.058,-0.18,-0.127,-0.262,0.37,0.366,0.286,0.342,0.373,0.397,0.574,-0.122,0.328,0.08,0.616,0.08,0.327,0.214,0.108,-0.116,0.235,0.279,-0.004,0.276,0.716,0.721,0.251,-0.179,0.054,0.14,0.312,0.563,0.275,0.575,-0.219,0.502,0.52,-0.015,0.206,0.699,0.434,0.488,0.848,1.022,0.873,0.538,0.683,0.947,0.877,0.407
"China, P.R.: Hong Kong",HK,0.055,-0.056,0.33,0.117,0.151,0.652,0.044,-0.654,-0.009,-0.398,-0.187,-0.141,0.426,-0.342,0.161,-0.769,0.167,0.016,0.029,0.244,0.37,0.057,-0.193,-0.528,-0.294,0.012,0.831,-0.139,0.257,0.271,0.726,-0.232,0.3,0.338,-0.028,0.028,0.293,0.94,0.964,0.298,0.854,0.961,0.99,0.701,0.733,0.897,1.008,0.415,0.91,0.367,0.333,0.53,0.763,0.703,1.175,0.77,1.338,1.183,1.776,1.882,2.017,1.432
"China, P.R.: Macao",MO,0.055,-0.056,0.33,0.117,0.151,0.652,0.044,-0.654,-0.009,-0.398,-0.187,-0.141,0.426,-0.342,0.161,-0.769,0.167,0.016,0.029,0.244,0.37,0.057,-0.193,-0.528,-0.294,0.012,0.831,-0.139,0.257,0.271,0.726,-0.232,0.3,0.338,-0.028,0.028,0.293,0.94,0.964,0.298,0.854,0.961,0.99,0.701,0.733,0.897,1.008,0.415,0.91,0.367,0.333,0.53,0.763,0.703,1.175,0.77,1.338,1.183,1.776,1.882,2.017,1.432
"China, P.R.: Mainland",CN,0.259,-0.141,0.289,-0.026,0.078,0.181,-0.282,-0.408,-0.211,-0.3,0.038,0.012,0.412,-0.008,0.278,-0.396,-0.057,0.242,0.299,0.251,0.219,0.379,0.122,-0.148,-0.127,-0.043,0.43,0.398,0.428,0.852,0.52,0.13,0.281,0.733,0.577,0.21,0.733,1.264,1.231,0.572,1.038,1.131,0.822,1.112,1.048,1.232,1.538,1.09,1.336,0.968,0.792,0.626,1.073,1.062,1.297,1.319,1.573,1.361,1.422,1.62,1.701,1.906
Colombia,CO,0.09,-0.133,-0.058,0.117,-0.217,0.117,-0.274,-0.238,0.363,0.052,-0.431,-0.022,0.349,-0.306,-0.304,-0.24,0.214,0.109,0.191,0.446,0.129,0.192,0.636,-0.233,-0.015,0.017,0.573,0.312,-0.091,0.31,0.449,0.606,0.263,0.245,0.517,0.143,0.504,0.901,-0.01,-0.009,0.438,0.675,0.693,0.585,0.681,0.531,0.641,0.385,0.856,1.037,0.467,0.668,0.834,0.854,1.249,1.08,0.82,1.137,1.397,1.583,1.073,0.874
"Comoros, Union of the",KM,0.457,0.001,-0.248,-0.215,-0.334,0.059,0.154,-0.452,0.199,0.058,-0.545,-0.075,0.135,-0.375,-0.16,-0.071,0.448,0.184,0.165,0.198,0.082,0.53,0.356,-0.433,0.159,0.001,0.455,0.461,-0.234,0.154,0.299,0.119,0.233,0.595,0.475,0.013,0.315,0.807,0.235,0.01,0.159,0.613,0.291,0.213,0.309,0.115,0.448,0.28,0.639,0.88,0.516,0.479,0.415,0.509,0.725,0.7,0.95,0.705,1.296,1.03,0.65,0.521
"Congo, Dem. Rep. of the",CD,-0.03,-0.172,-0.038,-0.112,-0.193,0.109,-0.119,-0.158,0.139,0.218,-0.141,0.074,0.458,-0.077,-0.103,-0.185,0.259,0.141,0.4,0.311,0.15,0.143,0.506,0.282,0.159,0.307,0.6,0.488,-0.144,0.082,0.293,-0.213,0.1,0.293,0.387,-0.077,0.627,0.937,0.455,0.537,0.393,0.872,0.961,0.913,1.014,0.844,0.768,0.664,0.928,1.347,0.844,0.523,1.003,0.976,1.053,1.546,1.32,1.45,1.483,1.692,1.658,1.48
"Congo, Rep. of",CG,-0.172,-0.053,0.12,-0.123,-0.179,0.102,-0.126,-0.11,0.118,0.159,-0.08,-0.052,0.493,-0.081,-0.125,-0.248,0.221,0.111,0.427,0.32,-0.189,-0.205,0.31,0.15,-0.195,0.013,0.354,0.211,-0.301,-0.014,0.144,-0.314,0.007,0.223,0.426,-0.058,-0.108,1.055,0.61,0.404,0.356,0.752,0.852,0.891,0.912,0.808,0.831,0.74,0.819,1.255,0.651,0.667,0.811,0.744,1.075,1.479,1.159,1.245,1.411,1.5,1.355,1.245
Cook Islands,CK,0.148,-0.064,-0.099,0.163,-0.373,0.035,-0.352,-0.387,-0.009,0.249,-0.079,-0.03,0.508,-0.129,-0.167,-0.269,0.057,-0.006,-0.05,0.138,0.036,-0.061,0.06,-0.043,0.05,0.264,-0.021,0.34,0.13,0.19,0.197,0.21,-0.069,0.186,0.455,0.247,-0.108,-0.258,0.625,0.303,0.402,0.292,0.262,0.257,0.115,0.314,0.344,0.208,0.077,0.604,0.548,0.258,0.455,0.158,-0.43,0.31,0.675,0.238,0.22,0.274,0.568,0.479
Cuba,CU,-0.084,-0.07,-0.127,0.102,0.023,-0.325,-0.234,-0.339,0.024,-0.349,0.067,0.433,0.403,0.087,0.528,-0.194,0.131,0.034,0.349,0.49,-0.016,0.591,0.303,0.287,0.235,0.357,0.736,0.603,0.68,0.836,0.899,0.608,0.639,1.016,1.222,0.627,1.031,1.191,0.806,0.508,0.535,0.945,1.089,0.872,0.787,0.914,0.902,0.642,0.93,0.957,0.538,0.611,0.885,1.144,1.439,1.37,1.275,1.177,1.634,1.722,1.304,1.437
Cyprus,CY,0.039,0.789,0.691,-0.612,-0.208,0.637,-0.774,-0.031,0.165,0.495,-0.256,-0.625,-0.379,-0.177,-0.225,-0.713,0.15,-0.028,0.607,-0.295,0.088,-0.337,-0.805,0.013,-0.068,0.249,-0.26,0.044,0.085,0.069,0.379,-0.928,-0.421,1.047,0.058,0.253,0.008,0.961,1.079,0.618,1.161,0.836,0.585,0.614,0.335,0.622,0.814,1.031,0.983,2.03,0.715,0.97,1.238,1.048,1.139,1.493,0.776,2.119,1.524,1.668,1.994,1.237
Denmark,DK,1.117,-0.641,-1.019,-0.274,-0.603,-0.5,0.831,0.277,-0.135,-1.204,0.261,0.289,0.67,0.58,1.335,0.301,-0.014,0.145,-1.191,-0.441,0.3,0.002,1.06,0.379,-1.004,-0.444,-0.985,0.925,1.803,1.843,0.616,1.452,0.235,0.967,1.304,-0.753,0.651,0.869,1.334,1.719,1.044,1.652,0.707,1.032,1.282,1.349,2.136,1.853,1.32,-0.199,0.677,1.139,0.397,2.677,1.516,1.852,1.619,2.109,2.18,2.633,1.69,2.219
Djibouti,DJ,0.118,-0.207,0.045,-0.289,-0.425,0.008,-0.465,-0.503,0.226,0.016,-0.236,0.115,0.686,-0.13,0.195,0.028,0.279,0.292,0.131,0.808,0.099,0.182,0.327,-0.096,0.051,-0.055,0.204,0.567,-0.104,0.524,0.467,0.434,0.303,0.275,0.659,0.775,0.663,1.004,0.409,0.834,0.811,1.363,1.468,0.953,1.206,0.889,0.864,0.302,1.404,1.037,0.902,0.703,1.23,1.093,1.586,1.349,1.811,1.421,1.465,1.533,1.129,1.547
Dominica,DM,-0.033,0.146,0.256,0.081,-0.297,0.104,-0.23,-0.222,0.382,0.181,-0.218,-0.083,0.163,-0.396,-0.392,-0.434,0.045,0.086,0.163,0.43,0.438,0.08,0.457,-0.039,-0.062,0.015,0.596,0.394,-0.056,0.436,0.453,0.433,0.51,0.572,0.695,0.434,0.595,0.999,0.486,0.282,0.518,0.684,0.782,0.491,0.819,0.718,0.871,0.401,0.539,1.193,0.591,0.703,0.715,0.704,0.918,1.057,0.821,0.561,0.752,1.087,0.727,0.688
Dominican Rep.,DO,-0.009,-0.07,-0.017,0.167,-0.314,-0.028,-0.202,-0.154,0.31,-0.052,-0.318,-0.103,0.364,-0.438,-0.026,-0.337,0.405,0.33,0.181,0.692,0.499,0.419,0.631,0.265,0.099,0.255,0.737,0.603,0.251,0.554,0.424,0.505,0.474,0.877,0.95,0.664,0.988,1.371,0.9,0.629,0.909,0.96,1.235,0.806,0.967,1.003,1.26,0.667,0.71,1.222,0.543,0.746,1.208,1.106,1.339,1.016,1.032,1.158,1.266,1.488,0.995,0.982
Ecuador,EC,-0.108,-0.218,-0.062,-0.239,0.111,0.042,-0.422,-0.346,0.442,-0.131,-0.569,0.55,0.124,-0.246,-0.314,0.32,0.341,0.237,0.514,0.496,0.028,0.595,1.176,0.024,-0.07,0.194,1.074,0.425,-0.003,0.503,0.536,0.873,0.571,0.363,0.738,0.053,1.24,1.311,0.202,0.244,0.478,0.777,0.83,0.835,0.837,0.808,0.818,0.702,0.961,1.087,0.783,0.663,0.491,1.011,1.393,1.55,1.155,0.967,1.279,1.509,1.032,0.736
"Egypt, Arab Rep. of",EG,-0.241,0.64,0.628,-0.373,-0.104,0.447,-0.678,-0.126,0.451,-0.114,-0.257,-0.049,-0.304,-0.12,-0.482,-0.299,-0.119,-0.273,0.585,-0.08,-0.259,-0.413,-1.123,-0.228,0.243,0.118,-0.317,0.211,-0.216,-0.082,0.384,-0.611,0.014,0.611,0.151,0.381,0.009,0.744,0.828,0.054,0.656,0.827,0.73,0.647,0.511,0.726,0.602,0.937,0.921,2.325,0.629,0.939,1.049,1.254,1.211,1.396,0.616,2.049,1.04,1.117,1.727,0.655
El Salvador,SV,-0.073,-0.248,-0.157,-0.026,-0.074,0.115,-0.423,-0.319,0.28,-0.031,-0.27,0.395,0.402,-0.311,0.057,-0.212,0.451,0.157,0.462,0.395,0.046,0.372,0.716,0.062,0.158,0.222,0.627,0.596,0.237,0.492,0.584,0.583,0.331,0.641,0.556,0.078,0.752,0.847,0.301,0.318,0.572,0.69,0.878,0.639,0.513,0.495,0.43,0.199,0.788,0.496,0.508,0.634,0.619,0.654,1.285,1.26,0.723,0.774,0.972,1.484,0.999,0.658
"Equatorial Guinea, Rep. of",GQ,-0.146,-0.057,0.238,-0.136,-0.17,0.139,-0.063,-0.067,0.075,0.223,-0.12,-0.083,0.473,-0.163,-0.193,-0.349,0.151,-0.046,0.339,0.289,0.086,-0.1,0.117,0.266,-0.013,-0.084,0.402,0.34,-0.052,0.194,0.53,-0.117,0.191,0.323,0.939,0.492,0.235,0.967,0.581,0.362,0.375,0.631,0.851,0.742,0.773,0.656,0.815,0.685,0.824,0.979,0.677,0.583,0.769,0.856,0.849,1.462,1.308,0.839,1.602,1.479,1.195,1.247
"Eswatini, Kingdom of",SZ,0.268,0.433,-0.21,0.022,-0.224,0.295,-0.274,-0.431,0.346,0.5,-0.002,-0.395,0.112,-0.233,-0.353,-0.436,0.305,0.188,0.234,-0.13,-0.429,0.17,0.915,-0.04,0.571,0.321,0.567,0.608,0.142,0.281,0.53,1.147,0.733,-0.006,0.585,-0.042,0.235,0.991,0.505,-0.061,0.517,0.601,0.715,0.525,1.153,0.365,1.133,0.64,0.383,1.287,0.897,0.696,0.566,0.781,1.235,1.216,0.688,1.064,1.623,0.77,0.669,1.371
Faroe Islands,FO,0.63,-0.48,-0.056,0.478,-0.354,-0.393,-0.12,-0.25,-0.344,-0.51,0.245,0.672,-0.049,0.501,-0.024,0.508,-0.311,-0.11,-0.873,0.041,-0.364,0.223,-0.266,0.489,-0.118,-0.119,0.221,0.303,0.53,0.801,1.113,0.812,-0.053,-0.172,-0.31,0.202,0.755,0.553,0.469,0.188,0.461,1.034,1.604,1.019,0.487,1.136,0.952,0.89,1.441,0.26,1.055,0.359,0.597,1.764,0.813,0.803,1.49,0.831,0.877,0.839,1.012,1.396
"Fiji, Rep. of",FJ,0.219,-0.083,-0.046,0.185,-0.643,-0.293,-0.286,-0.103,-0.075,0.118,0.157,-0.208,0.446,0.221,0.227,-0.004,-0.079,-0.002,0.154,0.195,0.161,0.151,0.111,0.358,0.317,-0.103,0.206,0.846,0.247,0.348,0.09,0.039,-0.319,-0.133,0.385,0.445,0.152,0.765,0.538,0.706,0.728,0.72,0.581,0.526,0.698,0.636,1.032,0.584,0.409,0.978,0.898,0.589,0.916,0.646,0.517,0.97,1.127,0.953,1.065,1.237,1.075,1.346
Finland,FI,1.892,-0.339,-0.401,0.338,-0.263,-1.801,1.088,-1.634,-0.478,-0.629,-0.452,0.933,1.138,1.121,1.893,-0.877,-0.227,-0.526,-0.755,-0.38,-0.24,-0.155,0.964,0.757,-1.177,-0.181,-1.652,0.579,2.179,1.249,1.138,1.165,0.937,0.146,1.701,0.137,0.783,0.071,1.159,2.024,1.365,1.171,0.713,1.233,2.201,1.204,1.946,2.13,1.695,0.242,1.354,1.54,1.424,2.591,2.613,2.151,1.487,2.157,1.452,3.317,1.938,2.062
France,FR,0.827,-0.301,-0.955,0.025,-0.625,0.421,0.494,-0.073,0.024,-0.092,-0.161,-0.325,0.059,-0.081,0.483,0.368,0.015,-0.216,-0.187,-0.217,0.097,0.812,0.721,-0.082,-0.338,-0.003,0.001,0.773,1.278,1.591,0.257,0.659,0.325,1.547,1.326,0.188,1.24,0.947,1.199,1.175,1.391,1.054,1.8,0.969,1.02,1.306,1.407,0.992,1.212,0.395,1.534,1.22,0.714,2.049,1.612,1.794,1.796,2.06,2.023,2.551,1.337,2.929
French Polynesia,PF,0.207,-0.046,0.037,-0.137,-0.083,0.081,-0.274,-0.516,0.301,0.182,-0.342,0.119,0.325,-0.342,-0.247,-0.25,0.243,-0.074,0.105,0.225,0.132,0.323,0.189,0.412,0.154,0.278,0.478,0.356,0.159,0.397,0.341,0.352,0.141,0.543,0.582,0.188,0.335,0.633,0.456,0.329,0.502,0.796,0.703,0.531,0.672,0.841,0.85,0.357,0.8,0.76,0.214,0.722,0.536,0.616,0.681,1.127,0.901,0.631,0.857,0.829,0.791,0.359
Gabon,GA,-0.139,-0.063,0.232,-0.148,-0.164,0.14,-0.127,-0.138,0.11,0.142,-0.053,-0.064,0.468,-0.084,-0.126,-0.335,0.185,0.069,0.385,0.307,-0.176,-0.374,0.174,0.204,-0.219,-0.126,0.272,0.232,-0.023,0.124,0.081,-0.166,0.19,0.187,0.582,0.104,0.292,1.119,0.589,0.307,0.286,0.662,0.893,0.831,0.808,0.737,0.926,0.782,0.824,1.08,0.657,0.615,0.794,0.805,1.024,1.505,1.353,1.026,1.534,1.377,1.063,0.994
"Gambia, The",GM,-0.138,-0.047,0.13,-0.192,-0.463,-0.086,-0.381,-0.547,0.832,0.399,-0.054,0.311,0.685,-0.212,-0.164,-0.057,0.489,0.422,0.63,0.82,0.622,0.326,1.131,0.636,0.384,0.665,1.068,0.829,0.609,1.139,0.81,0.852,1.045,0.814,0.878,1.122,1.323,1.555,0.75,0.958,1.316,1.38,1.103,1.188,1.498,1.221,1.09,1.376,0.688,1.324,1.06,0.89,1.001,1.188,1.2,1.635,1.741,1.028,1.349,1.77,1.675,1.323
Germany,DE,0.99,-0.75,-1.084,-0.328,-0.814,0.407,0.868,0.204,-0.111,-0.832,0.032,-0.014,0.188,0.318,1.099,0.47,0.283,-0.173,-0.64,-0.186,0.296,0.439,1.071,-0.11,-0.8,-0.007,-0.561,0.893,1.491,1.571,0.286,1.228,0.31,1.625,1.307,-0.699,0.558,1.153,1.367,1.764,1.292,1.491,1.258,0.998,1.025,1.254,2.088,1.542,1.282,0.196,1.121,1.349,0.583,2.519,1.674,1.988,1.653,2.393,2.332,2.516,1.325,2.596
Ghana,GH,-0.07,-0.154,0.141,-0.233,-0.17,0.068,-0.232,-0.17,0.266,0.302,-0.145,0.024,0.564,0.011,-0.228,-0.353,0.296,0.067,0.561,0.446,0.181,0.177,0.691,0.665,0.357,0.294,0.985,0.645,0.237,0.526,0.394,0.153,0.473,0.564,0.695,0.657,0.502,1.14,0.564,0.43,0.565,0.825,0.988,0.739,0.967,0.991,0.946,0.698,0.884,1.276,0.883,0.614,0.841,0.887,1.132,1.217,1.292,1.081,1.32,1.284,1.494,0.996
Gibraltar,GI,0.595,0.536,0.022,0.483,-0.087,0.228,-0.125,0.016,-0.31,-0.048,-0.81,-0.865,-0.157,-0.369,-0.177,-0.469,-0.144,0.213,0.396,0.312,0.358,0.481,0.382,-0.15,0.592,0.227,0.497,0.782,0.908,1.202,0.111,0.176,-0.128,0.736,1.315,0.747,1.47,1.109,0.715,0.829,1.28,0.862,1.4,1.027,0.841,1.425,0.83,0.982,1.283,1.318,1.618,0.924,0.869,1.417,1.382,1.726,2.005,0.739,1.3,1.923,1.504,2.228
Greece,GR,0.479,0.619,0.305,-0.301,-0.322,0.79,-0.194,0.182,-0.09,0.269,-0.222,-0.177,-0.357,-0.193,-0.25,-0.916,0.33,-0.555,0.179,-0.379,-0.191,-0.243,-0.493,-0.123,-0.063,0.312,-0.395,0.129,-0.204,0.368,-0.197,-0.528,-0.328,1.06,-0.043,-0.161,-0.195,0.632,0.8,0.679,1.314,0.435,0.385,0.337,0.213,0.254,1.08,0.881,0.771,1.584,0.394,1.235,1.317,1.06,0.904,1.561,0.642,1.905,1.381,1.307,1.655,1.04
Greenland,GL,-0.295,0.842,0.308,0.257,0.8,-0.212,-0.371,-0.26,-0.252,-0.224,-0.784,-0.841,-0.987,0.306,-1.093,-0.259,0.76,-0.682,0.498,0.919,-0.36,-0.642,-2.062,-1.455,0.891,0.381,-0.121,0.513,-1.537,-0.348,-0.291,-1.228,-1.355,-0.425,-0.328,0.667,0.391,1.269,0.522,0.839,0.831,1.186,2.328,1.469,1.878,1.717,1.363,0.959,0.851,3.058,1.684,1.625,1.381,1.447,0.205,2.381,1.21,0.934,2.206,1.274,2.482,1.413
Grenada,GD,0.114,0.053,0.309,-0.052,-0.196,0.065,-0.233,-0.139,0.504,0.299,-0.303,-0.117,0.073,-0.447,-0.396,-0.24,-0.127,0.067,0.274,0.212,0.331,0.085,0.36,-0.048,-0.429,-0.192,0.442,0.446,-0.169,0.203,0.398,0.388,0.431,0.456,0.71,0.471,0.63,1.187,0.617,0.462,0.691,0.627,0.905,0.433,1.004,0.739,0.678,0.502,0.507,1.201,0.677,0.584,0.776,0.641,0.837,0.945,0.92,0.543,1.169,1.235,0.767,0.698
Guadeloupe,GP,0.041,0.048,0.249,0.15,-0.341,0.051,-0.238,-0.211,0.337,0.123,-0.245,-0.147,0.167,-0.381,-0.366,-0.434,0.074,0.117,0.099,0.59,0.5,0.099,0.494,0.038,-0.026,0.01,0.589,0.426,-0.032,0.432,0.448,0.401,0.524,0.564,0.671,0.386,0.51,1.035,0.515,0.279,0.557,0.695,0.816,0.507,0.827,0.698,0.921,0.405,0.547,1.137,0.539,0.671,0.75,0.763,0.998,1.095,0.907,0.62,0.803,1.16,0.826,0.773
Guatemala,GT,-0.045,-0.131,-0.096,-0.052,-0.066,-0.057,-0.366,-0.337,0.413,-0.106,-0.141,0.429,0.458,-0.281,0.137,-0.392,0.225,0.128,0.332,0.432,-0.016,0.457,0.649,0.116,0.164,0.125,0.31,0.481,0.132,0.309,0.624,0.445,0.346,0.592,0.595,0.09,0.71,0.867,0.558,0.31,0.344,0.556,0.99,0.611,0.801,0.612,0.597,0.213,0.692,0.685,0.429,0.52,0.624,0.638,1.143,1.425,1.069,0.884,1.418,1.728,1.406,0.916
Guinea,GN,-0.145,-0.137,0.16,-0.18,-0.095,-0.003,-0.237,-0.151,0.459,0.345,-0.131,0.203,0.579,-0.063,-0.248,-0.242,0.203,0.192,0.491,0.636,0.337,0.215,0.635,0.38,0.382,0.077,0.81,0.61,0.116,0.653,0.679,0.33,0.702,0.471,0.486,0.791,0.785,1.194,0.512,0.651,0.792,1.13,0.979,1.04,1.19,1.117,0.974,1.113,0.931,1.321,1.095,0.556,1.068,0.857,1.155,1.167,1.522,1.188,1.408,1.26,1.559,1.195
Guinea-Bissau,GW,-0.13,-0.071,0.157,-0.227,-0.383,-0.046,-0.269,-0.432,0.723,0.345,-0.059,0.263,0.579,-0.15,-0.195,-0.109,0.358,0.294,0.487,0.645,0.473,0.282,0.902,0.516,0.361,0.495,0.828,0.669,0.441,0.96,0.786,0.71,0.893,0.744,0.798,0.955,1.129,1.56,0.746,0.996,1.244,1.281,1.04,1.171,1.401,1.186,1.034,1.362,0.811,1.328,1.092,0.795,1.055,1.168,1.192,1.572,1.674,1.125,1.419,1.663,1.66,1.295
Guyana,GY,0.043,-0.009,-0.188,0.32,-0.065,0.212,-0.083,-0.274,0.439,0.489,-0.486,-0.024,0.084,-0.462,-0.301,-0.354,0.083,-0.028,0.341,0.322,0.185,0.41,0.539,-0.351,-0.329,0.015,0.495,0.4,-0.044,0.527,0.286,0.131,0.178,0.482,0.988,0.61,0.884,1.287,0.405,0.658,0.825,1.074,0.948,0.942,1.321,1.003,1.025,0.558,1.162,1.115,0.968,0.958,0.894,1.071,1.352,1.506,1.149,1.137,1.178,1.4,0.875,1.066
Haiti,HT,-0.012,-0.049,-0.111,0.223,-0.31,-0.025,-0.209,-0.272,0.174,-0.123,-0.17,0.015,0.356,-0.342,0.22,-0.431,0.353,0.191,0.219,0.637,0.444,0.571,0.622,0.305,0.163,0.282,0.842,0.721,0.396,0.694,0.775,0.59,0.45,1.198,1.188,0.685,1.099,1.244,1.147,0.858,0.758,0.953,1.24,0.888,1.042,0.935,1.151,0.624,0.806,1.206,0.489,0.759,1.133,1.306,1.384,1.164,1.061,1.277,1.507,1.537,0.883,1.095
Holy See,VA,0.735,0.079,-0.137,0.199,-0.415,0.264,0.169,0.036,0.002,-0.13,-0.258,-0.165,0.02,-0.213,-0.133,-0.412,0.317,-0.585,0.115,-0.53,-0.446,0.594,0.274,-0.571,0.286,0.55,0.195,0.755,0.148,1.125,-0.017,0.533,0.48,1.474,0.2,0.361,0.857,0.944,0.79,1.177,1.487,0.716,1.501,0.478,0.479,0.609,1.305,0.958,1.042,0.774,1.047,1.492,0.866,1.37,1.518,1.598,1.318,1.837,1.591,1.734,1.546,2.028
Honduras,HN,-0.058,-0.162,-0.229,-0.029,-0.055,0.006,-0.286,-0.319,0.243,-0.124,-0.161,0.269,0.507,-0.327,0.068,-0.248,0.337,0.25,0.407,0.434,0.108,0.449,0.581,0.073,0.14,0.138,0.391,0.621,0.191,0.258,0.493,0.481,0.203,0.774,0.876,0.075,0.797,1.018,0.384,0.128,0.396,0.776,0.672,0.491,0.956,0.621,0.769,0.566,0.811,0.806,0.73,0.639,0.915,0.666,1.126,1.368,1.034,0.804,1.233,1.813,1.098,0.723
Hungary,HU,1.176,-0.419,-0.463,-0.877,-0.883,0.755,0.594,0.383,-0.276,-0.508,-0.063,0.39,-0.033,0.263,0.857,-0.274,0.549,-0.871,0.047,-0.62,0.146,0.105,0.997,-0.129,-1.068,0.356,-0.547,0.385,0.864,1.07,-0.058,0.911,0.069,1.755,0.631,-0.34,-0.148,1.081,0.603,1.733,1.391,1.423,0.71,0.543,0.236,0.699,2.142,1.495,1.613,0.806,0.891,1.727,1.159,2.229,2.067,1.89,1.336,2.524,2.353,1.99,1.43,2.142
Iceland,IS,0.547,-0.27,-0.091,1.097,-0.131,-0.498,-0.597,-0.635,-0.9,-0.617,-0.005,0.777,-0.099,0.522,-0.42,0.377,-0.258,0.054,-1.239,0.407,-0.909,-0.258,-0.863,0.204,0.164,-0.077,0.685,-0.088,-0.174,0.169,0.766,0.231,0.225,-0.108,-0.33,0.562,0.436,0.238,0.471,0.274,0.584,0.784,1.784,1.235,0.448,1.032,1.101,0.753,0.907,1.147,0.959,0.667,0.687,1.66,0.419,1.411,1.694,0.82,1.339,0.786,0.921,1.201
India,IN,-0.208,-0.479,-0.03,-0.03,-0.072,0.29,-0.21,-0.234,0.303,0.033,-0.519,0.012,0.332,0.034,-0.308,0.003,0.155,-0.15,0.305,0.401,0.072,-0.017,-0.135,-0.107,0.211,0.19,0.578,0.504,-0.018,-0.081,0.19,0.035,0.223,0.107,0.238,0.339,-0.064,0.614,0.468,0.35,0.473,0.827,0.665,0.545,0.567,0.638,0.607,0.263,1.134,1.129,0.365,0.516,0.451,0.53,0.711,1.088,0.966,0.874,0.802,0.52,0.733,0.79
Indonesia,ID,-0.096,-0.03,-0.134,-0.036,-0.257,0.025,-0.163,-0.069,0.151,0.129,-0.15,-0.054,0.264,-0.111,-0.131,-0.012,0.118,0.176,0.235,0.29,0.2,0.036,0.405,-0.11,0.151,0.138,0.514,0.437,0.13,0.089,0.273,0.341,0.289,0.343,0.382,0.428,0.463,1.05,0.282,0.275,0.53,0.607,0.594,0.54,0.71,0.422,0.464,0.223,0.563,0.766,0.306,0.459,0.799,0.812,0.841,1.488,1.055,0.973,1.118,1.322,1.11,1.085
"Iran, Islamic Rep. of",IR,-0.068,0.263,0.755,-0.667,-0.28,0.748,-0.271,-0.246,-0.342,0.978,0.097,-0.959,-0.199,-0.677,-0.218,-0.555,0.394,0.274,0.684,0.54,0.677,-0.12,-0.111,0.151,0.243,0.207,0.536,0.706,0.22,0.727,0.389,-0.757,-0.017,0.802,0.698,0.239,0.644,1.165,1.658,1.215,1.525,1.716,0.943,1.528,0.828,1.847,0.874,1.136,1.177,2.214,1.345,1.09,1.642,1.079,1.856,1.669,1.737,2.044,1.597,1.346,2.176,2.37
Iraq,IQ,-0.189,0.885,0.433,-0.81,-0.134,0.964,-0.843,-0.275,0.241,0.661,-0.178,-0.731,-0.245,-0.434,-0.239,-0.777,0.313,0.162,1.264,0.058,0.257,-0.406,-0.802,0.036,0.021,0.37,0.368,0.106,0.176,0.356,0.608,-1.169,-0.469,1.009,0.366,0.798,0.305,1.295,1.917,0.995,1.289,1.168,0.96,1.084,0.526,1.621,0.935,1.155,0.881,2.712,0.91,1.293,1.263,1.175,1.94,1.672,1.572,2.406,1.626,1.857,2.644,2.147
Ireland,IE,0.264,-0.688,-0.773,0.158,-0.554,-0.033,-0.009,0.072,-0.265,0.06,0.342,-0.268,0.362,-0.211,0.701,0.561,-0.279,0.257,-0.687,-0.057,0.377,0.154,0.408,0.336,-0.439,-0.726,-0.143,0.246,1.054,0.829,0.199,0.446,0.064,0.282,1.198,-0.006,0.977,0.937,1.077,0.577,0.551,0.83,1.024,0.9,1.175,1.159,1.345,0.836,0.804,-0.104,0.559,0.705,0.568,1.357,0.449,1.04,1.264,0.783,1.201,1.075,1.019,1.764
Isle of Man,IM,0.358,-0.746,-0.82,0.095,-0.579,-0.1,0.105,0.035,-0.287,0.049,0.316,-0.19,0.297,-0.2,0.697,0.661,-0.339,0.209,-0.777,-0.031,0.292,0.076,0.381,0.356,-0.489,-0.684,-0.222,0.27,1.105,0.913,0.178,0.462,-0.037,0.269,1.164,-0.112,0.924,0.928,1.112,0.636,0.516,0.891,1.049,0.952,1.165,1.229,1.321,0.829,0.874,-0.111,0.681,0.61,0.428,1.515,0.441,1.118,1.367,0.881,1.175,1.199,1.02,1.84
Israel,IL,-0.106,0.826,0.842,-0.622,-0.031,0.61,-0.928,-0.118,0.238,0.184,-0.353,-0.513,-0.481,-0.26,-0.414,-0.577,0.005,-0.079,0.607,-0.202,-0.213,-0.564,-1.066,-0.209,0.01,0.056,-0.283,0.037,-0.174,-0.112,0.393,-1.037,-0.368,0.796,-0.153,0.342,-0.118,0.892,0.894,0.25,0.855,0.729,0.559,0.556,0.199,0.593,0.521,0.724,0.824,2.321,0.578,1.035,1.108,0.871,1.331,1.607,0.735,2.003,1.212,1.451,1.786,1.079
Italy,IT,0.805,0.025,-0.365,0.131,-0.431,0.307,0.301,0.011,-0.107,-0.153,-0.149,-0.132,0.034,-0.115,0.075,-0.32,0.283,-0.537,0.022,-0.421,-0.279,0.511,0.384,-0.468,0.117,0.436,0.192,0.842,0.417,1.132,0.029,0.542,0.527,1.513,0.418,0.233,0.931,0.969,0.918,1.243,1.533,0.913,1.526,0.746,0.563,0.84,1.552,1.133,1.234,0.755,1.253,1.543,1.006,1.638,1.704,1.716,1.606,1.834,1.698,1.902,1.569,2.135
Jamaica,JM,-0.021,-0.038,-0.116,-0.042,-0.219,0.014,-0.214,-0.132,0.238,-0.241,-0.361,0,0.309,0.151,0.246,-0.325,-0.154,0.232,0.458,0.604,0.852,0.285,0.598,0.178,0.205,0.223,1.093,0.949,0.534,0.56,0.617,0.93,0.607,1.097,1.062,0.531,0.99,1.395,0.753,0.408,0.661,0.943,1.119,0.95,1.037,1.029,0.939,0.551,0.819,1.183,0.578,0.719,0.988,1.212,1.401,1.395,1.076,1.249,1.524,1.623,1.267,1.14
Japan,JP,0.668,0.125,-0.053,0.266,-0.519,0.019,0.034,-0.498,-0.049,-0.381,-0.334,0.227,0.325,-0.488,0.041,-0.506,-0.154,0.232,0.458,-0.206,-0.631,-0.041,0.107,-0.605,0.13,-0.686,0.326,-0.154,0.556,1.132,0.726,0.333,0.012,0.965,0.348,-0.127,0.454,1.199,0.948,0.636,0.418,0.63,0.326,1.116,0.737,0.39,1.004,0.671,0.801,0.922,0.596,0.395,0.628,0.56,0.833,1.323,0.796,0.926,1.272,1.437,1.27,1.335
Jordan,JO,-0.189,0.983,0.784,-0.655,-0.005,0.742,-1.048,-0.129,0.383,0.196,-0.405,-0.626,-0.491,-0.334,-0.507,-0.726,-0.001,-0.005,0.77,-0.113,-0.158,-0.682,-1.071,-0.227,-0.009,0.069,-0.122,0.03,-0.065,-0.03,0.521,-1.11,-0.503,0.941,-0.047,0.487,-0.176,1.023,1.052,0.375,0.983,0.666,0.498,0.62,0.103,0.752,0.516,0.732,0.549,2.625,0.506,1.067,1.002,0.787,1.429,1.641,0.92,1.972,1.281,1.617,1.923,1.358
Kenya,KE,0.258,-0.242,-0.191,-0.442,-0.299,0.062,-0.064,-0.641,0.086,0.181,-0.272,0.216,0.535,-0.069,-0.067,0.229,0.216,-0.023,0.055,0.561,0.183,0.297,0.609,0.173,-0.057,0.133,0.73,0.589,-0.208,-0.05,0.258,0.406,0.048,0.488,0.356,0.366,0.415,0.25,0.24,0.521,0.602,0.734,0.879,0.648,0.762,0.89,0.634,0.824,1.293,1.106,1.137,1.026,0.93,1.024,1.164,1.237,1.5,0.675,1.624,1.344,1.421,1.28
Kiribati,KI,-0.038,-0.132,-0.073,-0.177,-0.347,-0.025,-0.037,-0.014,0.362,0.111,-0.442,-0.294,0.145,-0.144,-0.225,-0.218,0.145,0.247,0.171,0.214,0.253,0.179,0.122,-0.138,0.062,0.328,0.11,0.073,-0.203,0.222,0.251,0.144,-0.192,0.096,0.404,0.291,0.087,0.498,-0.142,0.125,0.406,0.508,0.591,1.576,0.847,0.571,0.547,0.25,0.603,0.312,0.328,0.428,0.628,0.768,0.902,1.229,1.041,0.947,0.949,1.425,1.857,1.61
"Korea, Dem. People's Rep. of",KP,0.495,-0.055,-0.105,0.238,-0.208,-0.065,0.165,-0.467,-0.455,-0.379,-0.282,-0.171,0.614,-0.486,0.909,-0.343,0.168,0.665,0.619,0.004,-0.597,0.911,0.598,-0.145,0.152,-0.702,0.231,0.562,1.235,1.329,0.604,0.778,0.577,1.355,0.694,0.276,0.991,1.776,1.382,0.594,0.859,0.844,0.926,1.576,0.847,0.694,1.605,1.525,1.064,0.384,0.523,0.419,0.304,1.518,1.217,1.419,1.593,0.863,1.826,1.864,1.857,1.61
"Korea, Rep. of",KR,0.637,-0.094,-0.472,0.608,-0.178,0.099,0.17,-0.678,-0.288,-0.491,-0.193,-0.08,0.516,-0.808,0.571,-0.493,0.121,0.788,0.596,-0.465,-0.767,0.42,0.456,-0.282,0.262,-0.765,0.374,0.255,0.78,1.229,0.28,0.621,0.04,1.249,0.418,-0.019,0.737,1.47,1.032,0.414,0.893,0.65,0.618,1.185,0.918,0.478,1.237,0.946,0.95,0.498,0.31,0.402,0.519,0.987,0.944,1.637,1.459,0.966,1.485,1.551,1.762,1.659
Kuwait,KW,-0.225,0.8,0.485,-0.781,0.051,0.776,-0.621,-0.253,0.375,0.514,-0.178,-0.766,-0.274,-0.341,-0.254,-0.649,0.366,0.036,1.291,0.497,0.418,-0.142,-0.622,0.256,0.003,0.467,0.723,0.449,0.141,0.396,0.535,-0.523,-0.095,0.993,0.217,0.929,0.528,1.346,2.064,1.28,1.27,1.604,1.564,1.519,0.724,1.911,1.085,1.434,1.323,2.602,1.373,1.562,1.349,1.451,2.104,1.695,1.962,2.358,1.895,1.975,2.676,2.275
Lao People's Dem. Rep.,LA,0.049,-0.271,-0.412,-0.077,-0.176,0.453,-0.123,-0.128,0.514,-0.021,-0.442,-0.002,0.48,-0.405,0.265,-0.49,0.018,0.193,0.538,0.512,0.486,0.217,0.321,0.129,0.321,0.079,0.982,0.361,0.299,0.487,0.757,0.259,0.338,0.464,0.692,0.198,0.384,1.485,0.721,0.094,0.766,0.664,1.037,0.48,0.961,0.929,0.649,0.334,0.696,1.431,0.214,1.048,1.22,0.837,1.497,1.519,1.243,0.955,2.2,1.719,1.287,1.112
Lebanon,LB,0.002,0.852,0.749,-0.719,-0.09,0.683,-0.944,-0.089,0.223,0.389,-0.306,-0.675,-0.535,-0.226,-0.253,-0.667,0.094,0.019,0.693,-0.229,0.017,-0.496,-0.958,-0.081,-0.015,0.233,-0.229,0.019,0.129,0.059,0.411,-1.017,-0.433,1.048,0.044,0.39,-0.103,1.001,1.1,0.544,1.146,0.833,0.626,0.647,0.28,0.72,0.728,0.989,0.844,2.353,0.663,1.045,1.26,1.051,1.383,1.629,1.023,2.154,1.412,1.623,2.039,1.29
"Lesotho, Kingdom of",LS,0.371,0.272,0.026,0.007,-0.078,0.237,-0.106,-0.366,0.505,0.502,-0.015,-0.11,0.119,-0.108,-0.153,-0.422,0.295,0.125,0.326,0.19,-0.262,0.3,1.007,0.351,0.812,0.513,0.606,0.484,0.017,0.358,0.538,0.988,1.042,0.114,0.732,-0.212,0.243,0.93,1.243,0.326,0.594,0.621,0.775,0.829,0.891,0.358,0.664,0.355,0.417,1.025,0.331,0.66,0.867,1.091,1.529,2.015,1.215,1.101,1.668,0.791,1.204,1.372
Liberia,LR,-0.095,-0.074,0.154,-0.133,-0.259,0.05,-0.149,-0.076,0.147,0.272,-0.131,0.025,0.504,0.023,-0.121,-0.193,0.237,0.246,0.55,0.417,0.171,0.249,0.536,0.388,0.282,0.173,0.951,0.824,0.364,0.581,0.52,0.246,0.529,0.533,0.653,0.587,0.972,1.297,0.781,0.56,0.513,0.875,0.938,0.911,1.108,1.119,1.041,1.131,1.365,1.42,1.102,0.869,0.983,0.934,1.288,1.412,1.539,1.306,1.494,1.593,1.474,1.556
Libya,LY,-0.473,0.208,0.23,-0.051,-0.077,0.251,-0.557,0.008,0.815,-0.223,-0.195,0.179,-0.188,-0.132,-0.449,-0.55,0.246,-0.26,0.302,-0.051,0.022,0.136,-0.332,-0.076,0.099,0.236,0.06,1.051,-0.006,0.557,0.231,-0.404,0.306,0.47,0.344,0.541,0.472,0.76,1.248,0.306,1.291,0.905,0.95,0.745,0.717,0.81,0.86,0.879,0.764,2.074,0.819,0.77,1.24,1.237,0.711,1.587,0.525,1.737,0.92,1.174,1.924,0.559
Liechtenstein,LI,1.052,-0.483,-0.775,0.058,-0.84,0.407,0.545,0.013,-0.015,-0.553,-0.078,0.077,-0.024,0.177,0.68,0.293,0.272,-0.354,-0.081,-0.159,0.045,0.544,0.942,-0.371,-0.336,0.383,-0.045,0.929,1.089,1.308,0.184,1.09,0.635,1.925,0.9,-0.033,0.942,1.208,0.979,1.464,1.44,1.382,1.67,0.899,0.663,0.955,1.931,1.385,1.405,0.48,1.657,1.611,0.927,2.232,2.046,2.028,1.795,2.26,2.079,2.367,1.232,2.534
"Madagascar, Rep. of",MG,0.522,-0.117,-0.31,-0.397,-0.588,-0.06,0.308,-0.418,0.406,0.228,-0.244,-0.064,0.161,-0.291,-0.249,0.004,0.356,0.515,0.26,0.319,0.117,0.293,0.43,-0.1,0.088,-0.041,0.534,0.572,0.061,0.108,0.384,0.386,0.38,0.319,0.405,0.198,0.653,0.821,0.44,0.451,0.64,0.58,0.682,0.505,0.599,0.838,0.735,0.559,0.9,1.188,1.132,0.88,0.749,0.777,1.134,1.147,1.379,0.983,1.438,1.137,1.194,0.86
Malawi,MW,0.314,-0.149,-0.427,-0.267,-0.572,0.149,0.09,-0.271,0.29,0.164,-0.27,-0.008,0.3,-0.325,-0.147,-0.085,0.504,0.265,0.131,0.231,-0.191,0,1.038,0.363,0.016,0.162,0.679,0.693,0.174,0.616,0.15,0.749,0.153,0.27,0.794,0.189,0.626,1.031,0.349,0.797,0.592,0.963,0.982,0.879,1.366,0.997,0.904,0.512,0.648,1.03,0.771,0.925,0.676,1.129,1.141,1.361,1.016,1.022,1.22,1.306,0.762,0.816
Malaysia,MY,-0.07,-0.085,-0.107,0.036,-0.231,0.131,-0.134,-0.108,0.225,0.115,-0.243,0.049,0.262,-0.193,-0.029,-0.239,0.073,0.249,0.379,0.292,0.256,0.27,0.689,0.052,0.244,0.281,0.59,0.525,0.181,0.548,0.464,0.429,0.278,0.42,0.544,0.481,0.69,1.279,0.483,0.449,0.689,0.785,0.781,0.755,0.938,0.707,0.763,0.628,0.865,1.111,0.754,0.901,1.121,1.199,1.372,1.836,1.419,1.443,1.7,1.688,1.473,1.367
Maldives,MV,-0.301,-0.061,0.213,-0.13,-0.299,0.42,-0.155,-0.23,0.241,0.365,-0.007,0.21,0.574,-0.148,-0.318,0.005,0.011,-0.158,0.073,0.15,0.092,0.269,0.413,0.169,-0.072,0.149,0.595,0.787,-0.005,0.528,0.566,0.174,0.209,0.409,0.681,0.418,0.573,0.917,0.297,0.255,0.46,0.618,0.518,0.387,0.775,0.317,0.363,0.169,0.53,0.683,0.561,0.573,0.662,0.766,0.982,1.555,1.126,0.84,1.131,1.17,1.122,0.784
Mali,ML,-0.301,-0.145,0.213,-0.13,-0.299,0.005,-0.124,-0.287,0.665,0.365,-0.007,0.278,0.508,-0.435,-0.471,-0.374,0.362,0.36,0.646,0.97,0.395,0.264,0.83,0.609,0.512,0.304,1.081,0.784,0.107,0.903,0.685,0.194,1.026,0.206,0.57,1.161,0.87,1.214,0.375,0.647,0.583,1.246,1.238,1.214,1.396,1.097,0.933,0.548,0.96,1.63,1.207,0.426,0.969,0.787,1.017,1.089,1.347,1.04,1.089,1.01,1.687,0.887
Malta,MT,0.551,0.35,-0.204,0.26,-0.218,0.149,0.131,-0.033,-0.129,-0.144,-0.272,-0.294,-0.003,-0.251,-0.383,-0.706,0.304,-0.602,0.036,-0.504,-0.344,0.623,0.037,-0.267,0.426,0.4,0.525,1.194,0.206,1.235,0.147,0.275,0.625,1.421,0.461,0.639,1.054,0.876,1.268,1.055,1.669,0.942,1.401,0.699,0.67,0.996,1.398,1.271,1.08,1.243,1.013,1.44,1.343,1.507,1.403,1.748,1.224,1.441,1.29,1.643,2.123,1.955
Martinique,MQ,-0.04,0.151,0.243,0.062,-0.283,0.067,-0.246,-0.213,0.403,0.186,-0.193,-0.047,0.158,-0.395,-0.394,-0.415,0.02,0.082,0.166,0.401,0.406,0.074,0.433,-0.029,-0.06,0.017,0.591,0.404,-0.001,0.424,0.445,0.405,0.487,0.565,0.67,0.433,0.591,1.003,0.477,0.262,0.506,0.681,0.802,0.515,0.834,0.736,0.846,0.407,0.553,1.177,0.596,0.699,0.714,0.674,0.892,1.034,0.8,0.54,0.752,1.092,0.716,0.684
"Mauritania, Islamic Rep. of",MR,-0.047,0.14,0.103,0.057,-0.53,0.112,-0.248,-0.481,0.612,0.701,-0.311,-0.052,0.496,-0.679,-0.314,-0.556,0.654,0.569,0.987,0.911,0.91,0.593,1.623,0.571,0.592,0.293,1.562,0.875,0.737,1.481,0.87,0.89,0.99,0.673,1.222,1.555,1.321,1.801,0.539,1.2,1.36,1.353,1.36,1.49,1.389,1.444,1.06,1.321,0.968,2.02,1.671,0.942,1.588,1.48,1.563,1.825,2.141,1.086,1.435,1.919,1.855,1.711
Mauritius,MU,0.524,-0.111,-0.155,-0.246,-0.208,-0.019,0.12,-0.213,0.296,0.333,-0.32,0.133,-0.075,-0.686,-0.105,0.018,0.556,0.345,0.369,0.411,0.199,0.316,0.286,-0.21,-0.06,0.181,0.656,0.443,0.063,0.22,0.492,0.157,0.179,0.466,0.314,0.042,0.585,0.827,0.211,0.173,0.499,0.401,0.69,0.313,0.381,0.312,0.537,0.294,0.797,1.076,0.865,0.665,0.797,0.905,1.158,1.084,1.319,1.051,1.462,1.109,0.987,0.595
Mayotte,YT,0.444,0.028,-0.152,-0.14,-0.497,0.113,0.184,-0.453,0.151,0.168,-0.74,-0.171,0.195,-0.494,-0.182,-0.495,-0.012,0.304,0.232,0.361,0.237,0.611,0.366,-0.416,-0.114,0.084,0.466,0.448,-0.164,0.234,0.378,0.215,0.324,0.621,0.441,0.079,0.448,0.873,0.317,0.086,0.248,0.694,0.367,0.234,0.369,0.173,0.594,0.383,0.704,0.947,0.684,0.614,0.49,0.685,0.911,0.815,1.04,0.823,1.383,1.133,0.824,0.678
Mexico,MX,-0.145,0.19,0.23,-0.284,-0.057,-0.238,-0.098,-0.414,0.179,-0.3,-0.066,0.304,-0.167,-0.088,-0.332,-0.495,-0.012,0.166,-0.08,0.38,0.162,0.573,0.024,-0.102,0.097,0.298,-0.119,0.174,0.493,0.274,0.268,0.086,0.327,0.711,0.81,0.567,0.5,0.736,0.642,0.634,0.549,0.73,0.894,0.365,0.806,0.93,0.503,0.558,1.053,0.306,1.026,0.948,0.798,0.911,1.141,1.346,1.629,1.24,1.378,1.726,1.163,1.249
Monaco,MC,0.739,-0.048,-0.631,0.408,-0.464,0.21,0.432,0.013,-0.228,-0.017,0.002,-0.114,0.288,-0.086,0.195,0.044,-0.039,-0.403,-0.018,-0.353,-0.083,0.55,0.494,-0.603,-0.106,0.433,0.196,0.758,0.908,1.284,0.107,0.651,0.461,1.302,0.672,0.211,1.297,0.922,0.924,1.112,1.381,0.916,1.645,0.851,0.806,1.183,1.643,1.103,1.468,0.452,1.403,1.396,0.724,1.811,1.902,1.773,1.962,1.94,1.919,2.2,1.5,2.737
Mongolia,MN,0.17,-0.106,1.202,-0.174,0.857,0.371,-0.458,-0.813,-0.861,-0.306,-0.038,0.234,0.689,0.193,0.49,-0.2,0.065,0.908,0.951,0.473,0.217,1.135,0.601,-0.353,-0.444,0.361,0.166,0.63,1.334,1.53,1.08,0.81,0.454,1.329,1.268,0.41,1.933,2.117,1.764,0.98,1.684,1.786,0.49,1.76,0.923,1.221,2.729,1.759,1.397,0.306,0.757,0.23,1.024,1.879,2.131,1.391,2.493,2.207,1.847,2.353,1.994,2.197
Montserrat,MS,0.09,0.031,0.288,0.214,-0.385,0.097,-0.192,-0.225,0.271,0.109,-0.233,-0.214,0.164,-0.377,-0.419,-0.467,0.076,0.161,0.16,0.646,0.564,0.162,0.489,0.009,-0.051,-0.023,0.649,0.395,-0.077,0.417,0.459,0.445,0.528,0.493,0.677,0.377,0.455,1.046,0.541,0.335,1.745,0.634,0.783,0.501,0.843,0.659,0.934,0.394,0.498,1.153,0.586,0.696,0.783,0.744,1.035,1.097,0.958,0.627,0.797,1.131,0.862,0.77
Morocco,MA,0.57,0.401,0.179,0.486,-0.286,0.433,-0.032,-0.151,0.03,0.108,-0.775,-1.303,0.062,-0.402,-0.221,-0.819,0.041,0.316,0.438,0.548,0.414,0.431,0.724,0.208,0.797,0.19,0.993,0.837,0.665,1.409,0.133,0.246,0.222,1.019,1.174,0.936,1.271,1.483,0.976,0.845,1.745,1.108,1.593,1.029,1.188,1.389,0.93,1.069,1.16,2.02,1.698,1.299,1.233,1.603,1.115,1.84,2.131,0.597,1.466,2.107,1.798,2.303
"Mozambique, Rep. of",MZ,0.391,0.031,-0.435,-0.18,-0.596,0.143,0.12,-0.373,0.289,0.228,-0.142,-0.222,0.262,-0.295,-0.163,-0.142,0.468,0.364,0.129,0.093,-0.188,-0.04,0.918,0.263,-0.008,0.103,0.679,0.588,0.092,0.368,0.125,0.759,0.299,0.087,0.555,0.111,0.209,0.949,0.288,0.375,0.481,0.683,0.589,0.437,1.045,0.581,0.647,0.384,0.585,1.105,0.812,0.746,0.479,0.716,1.034,1.262,0.837,0.81,1.209,1.026,0.687,0.834
Myanmar,MM,-0.024,-0.112,-0.169,0.036,-0.315,0.377,-0.058,-0.17,0.187,-0.044,-0.414,-0.013,0.263,-0.252,0.183,-0.391,-0.117,0.076,0.516,0.298,0.299,0.08,0.156,0.086,0.19,0.091,0.569,0.408,0.338,0.215,0.509,0.101,0.126,0.494,0.654,0.439,0.272,1.192,0.926,0.223,0.634,0.676,0.653,0.6,0.932,0.855,0.507,0.495,0.918,1.203,0.51,0.915,0.986,0.902,1.245,1.443,1.328,1.064,1.726,1.669,1.656,1.436
Namibia,NP,0.184,-0.051,0.071,-0.081,-0.083,0.106,-0.159,-0.206,0.159,0.427,-0.157,0.033,0.624,-0.71,0.024,-0.539,0.2,-0.066,0.432,0.269,0.1,0.431,0.769,0.853,0.591,0.38,1.1,0.482,-0.289,0.726,0.211,0.658,0.702,0.315,1.004,0.19,0.048,1.284,0.85,-0.041,0.414,0.918,1.293,0.858,0.815,-0.079,0.997,0.672,0.462,1.214,-0.478,-0.128,0.759,0.439,1.215,1.473,0.818,1.11,1.821,0.601,-0.059,0.239
Nepal,NP,0.13,-0.448,-0.184,0.177,-0.356,0.247,-0.254,-0.394,0.119,0.128,-0.561,0.024,0.161,0.15,-0.128,-0.035,-0.022,-0.41,0.318,0.121,-0.087,-0.164,-0.423,-0.079,0.324,-0.063,0.349,0.595,0.079,-0.035,0.075,-0.073,-0.177,0.158,0.305,0.208,-0.413,0.313,0.64,0.082,0.448,0.551,0.306,0.351,0.678,0.796,0.727,0.347,1.119,1.138,0.231,0.402,0.189,0.337,0.654,1.169,1.071,0.627,0.854,0.229,0.632,1.132
"Netherlands, The",NL,0.852,-0.908,-1.27,-0.337,-0.728,0.273,0.757,0.156,-0.007,-0.59,0.045,-0.116,0.29,0.23,1.035,0.709,0.159,-0.068,-0.902,0.01,0.339,0.47,0.87,0.062,-0.851,-0.197,-0.503,0.796,1.541,1.567,0.265,1.184,0.25,1.367,1.542,-0.779,0.611,1.068,1.574,1.595,1.266,1.526,1.207,1.16,1.252,1.507,2.074,1.432,1.223,0.1,1.071,1.149,0.427,2.564,1.29,1.936,1.731,2.135,2.142,2.483,1.316,2.601
New Caledonia,NC,-0.248,0.081,-0.211,0.164,-0.806,-0.638,0.032,-0.429,-0.167,0.454,0.128,-0.207,0.799,0.293,0.23,0.155,0.159,0.292,0.208,0.421,0.377,0.194,0.692,0.328,0.509,0.366,0.069,1.05,0.479,0.764,0.35,0.467,0.27,0.228,1.01,1.204,0.549,2.002,1.229,0.759,1.027,1.03,0.788,0.913,0.762,0.683,1.146,1.129,0.909,1.254,1.022,0.87,1.026,1.005,1.215,2.026,1.768,1.384,1.303,1.764,1.689,2.421
New Zealand,NZ,-0.282,0.581,-0.356,-0.455,-0.451,-0.233,-0.184,-0.086,-0.374,0.596,0.684,0.119,0.196,0.363,0.588,-0.51,-0.388,0.387,0.316,0.007,0.427,-0.062,-0.294,0.174,0.398,0.382,0.397,0.488,0.736,0.572,-0.028,-0.716,-0.38,-0.077,0.108,0.244,-0.128,0.981,1.009,0.265,0.572,0.42,0.238,0.033,0.443,0.391,0.237,0.564,0.059,0.598,0.673,0.125,0.999,0.544,0.568,1.214,0.627,1.173,1.118,0.912,0.982,1.319
Nicaragua,NI,-0.089,-0.329,-0.203,-0.107,0.041,0.185,-0.269,-0.235,0.291,-0.206,-0.293,0.163,0.434,-0.252,0.061,-0.072,0.269,0.205,0.177,0.511,0.255,0.659,0.786,0.04,0.107,0.171,0.422,0.505,0.158,0.35,0.497,0.487,0.317,0.707,0.898,0.077,0.808,1.087,0.169,0.142,0.502,0.79,0.738,0.576,0.841,0.707,0.844,0.567,0.821,0.868,0.695,0.683,1.201,0.802,1.018,1.315,1.025,0.9,1.161,1.526,1.026,0.842
Niger,NE,-0.694,-0.135,0.434,-0.261,-0.007,-0.092,-0.364,0.08,0.766,0.051,-0.092,0.334,0.445,0.008,-0.409,0.288,-0.357,0.192,0.714,0.518,0.04,0.371,0.029,0.607,0.284,0.733,0.655,0.587,-0.384,0.48,0.862,-0.286,0.403,0.205,0.373,1.054,0.688,0.652,0.549,0.677,0.165,0.542,0.778,0.545,1.169,1.179,0.872,0.283,1.313,1.557,0.956,0.588,0.809,0.987,0.832,0.933,0.843,1.065,0.943,0.776,1.425,0.428
Nigeria,NG,-0.241,-0.247,0.271,-0.257,-0.037,-0.063,-0.317,-0.035,0.393,0.218,-0.053,0.074,0.791,0.135,-0.278,0.038,0.286,0.004,0.508,0.375,0.155,0.36,0.238,0.794,0.389,0.544,0.823,0.501,-0.412,0.582,0.621,-0.122,0.497,0.424,0.38,0.748,0.646,1.034,0.766,0.526,0.225,0.776,0.776,0.698,1.182,1.204,0.816,0.585,1.301,1.426,0.852,0.526,0.922,1.012,1.187,1.168,1.17,1.093,1.229,1.127,1.559,0.791
Norfolk Island,NF,-0.315,0.396,0.1,0.17,-0.452,-0.265,0.201,-0.005,-0.365,0.446,0.378,-0.088,0.758,0.969,1.058,-0.179,-0.246,-0.118,0.015,-0.032,0.195,-0.042,0.269,0.149,0.212,0.282,-0.015,0.8,0.516,0.486,0.131,-0.143,-0.107,-0.161,0.463,0.818,-0.165,1.409,1.257,-0.051,0.25,0.166,0.045,0.294,0.326,0.208,0.294,0.183,0.232,0.47,0.571,0.101,0.153,-0.005,0.532,1.05,0.717,0.7,0.667,0.705,0.613,1.225
Norway,NO,1.239,-0.776,-0.13,0.373,-0.264,-1.642,0.558,-0.937,-0.173,-0.695,-0.079,0.931,0.918,0.969,1.058,-0.041,-0.552,-0.101,-1.07,-0.313,-0.494,-0.054,0.633,0.532,-0.594,-0.43,-0.83,0.476,1.741,1.517,0.977,1.121,0.697,0.065,0.944,-0.06,0.761,0.383,1.257,1.427,0.613,1.386,1.089,1.3,1.759,1.504,1.702,1.619,1.393,-0.341,1.398,1.063,0.791,2.412,1.781,1.718,1.551,1.485,1.208,2.389,1.499,1.918
Oman,OM,-0.274,0.338,0.393,-0.478,-0.315,0.18,0.034,-0.614,0.247,0.855,0.08,-0.1,-0.172,-0.137,-0.225,0.221,0.575,0.138,0.138,-0.02,0.223,-0.418,-0.698,-0.706,-0.104,-0.042,0.07,0.201,-0.347,0.061,-0.304,-0.55,0.247,0.126,-0.018,-0.114,-0.227,0.745,0.578,0.554,0.661,0.891,0.838,0.778,0.814,0.838,0.652,0.537,0.728,1.104,0.84,0.754,0.473,0.485,1.213,0.933,1.421,1.121,0.89,0.496,1.329,1.055
Pakistan,PK,-0.272,-0.242,0.422,-0.379,-0.279,-0.142,-0.319,-0.47,0.247,0.556,0.198,-0.476,0.117,-0.176,-0.584,-0.271,0.352,-0.006,-0.005,0.485,0.31,-0.37,-0.399,-0.206,0.221,-0.288,0.161,0.72,-0.313,0.339,-0.306,-0.413,0.415,0.162,-0.116,-0.152,-0.386,0.436,0.823,0.668,0.762,1.021,0.527,1.006,0.211,1.023,0.65,0.362,1.034,1.29,0.833,0.263,0.778,0.358,0.529,1.233,1.252,1.359,0.566,0.394,1.121,1.389
Panama,PA,-0.162,0.241,0.009,0.105,-0.216,0.117,-0.215,-0.14,0.259,0.117,-0.334,0.072,0.164,-0.377,-0.401,-0.024,0.23,0.12,0.198,0.481,0.294,0.444,0.919,-0.004,-0.156,0.069,0.566,0.183,0.085,0.394,0.531,0.403,0.459,0.456,0.591,0.3,0.647,0.991,-0.088,0.144,0.551,0.883,0.926,0.729,0.741,0.744,0.654,0.435,0.953,0.978,0.585,0.88,0.999,1.014,1.232,1.171,0.94,1.283,1.43,1.481,1.199,0.728
Papua New Guinea,PG,-0.162,0.241,0.009,0.105,-0.493,-0.07,-0.22,-0.037,0.123,0.201,0.005,-0.344,0.153,0.022,0.016,-0.296,-0.086,0.212,0.117,0.207,0.293,-0.091,0.367,0.307,0.222,0.341,0.38,0.666,0.424,0.413,0.281,0.542,0.364,0.356,0.654,0.551,0.079,1.012,0.311,0.377,0.496,0.671,0.519,0.234,0.658,0.252,0.438,0.342,0.317,1.007,0.388,0.295,0.8,0.393,0.16,1.129,0.79,0.662,0.695,1.082,1.18,1.221
Paraguay,PY,0.563,-0.663,0.903,-0.238,-0.079,-0.088,0.481,-0.041,0.384,0.261,-0.385,0.42,0.094,-0.265,-0.121,-0.435,0.7,0.658,0.096,0.187,0.387,0.356,-0.312,0.482,0.37,0.835,0.173,-0.073,-0.109,0.016,0.648,-0.39,0.208,0.865,0.542,0.095,0.869,0.176,0.004,0.101,0.609,1.074,0.721,0.394,0.511,0.915,0.252,0.259,0.897,0.326,0.601,0.825,0.327,1.119,1.493,0.25,1.15,0.539,1.276,1.369,0.696,0.649
Peru,PE,0.001,-0.116,0.085,-0.203,0.2,0.095,-0.25,-0.312,0.509,0.002,-0.454,0.19,0.128,-0.281,-0.28,-0.111,0.282,0.075,0.241,0.361,0.059,0.183,1.303,0.228,0.115,0.154,0.884,0.511,0.056,0.359,0.501,0.816,0.494,0.511,0.798,0.158,0.855,1.29,0.232,0.325,0.49,0.754,0.769,0.682,0.813,0.809,0.555,0.604,0.869,1.063,0.791,0.808,0.647,0.883,1.256,1.454,0.978,0.734,1.048,1.778,1.287,0.878
Philippines,PH,-0.143,-0.113,-0.357,-0.04,-0.29,0.165,-0.148,-0.115,0.132,0.203,-0.324,0.026,0.319,-0.05,0.083,-0.141,0.288,0.181,0.355,0.136,0.228,0.154,0.602,0.148,0.345,0.266,0.563,0.799,0.281,0.412,0.359,0.379,0.385,0.501,0.528,0.427,0.489,1.322,0.561,0.673,0.825,0.733,0.795,0.687,0.782,0.831,0.875,0.574,0.718,1.065,0.62,0.912,1.057,0.96,1.155,1.603,1.3,1.329,1.407,1.56,1.431,1.405
"Poland, Rep. of",PL,1.397,-0.515,-0.885,-0.72,-1.064,0.554,1.134,0.458,-0.493,-1.288,0.133,0.477,0.419,0.488,1.485,-0.295,0.424,-0.233,-0.774,-0.76,0.436,0.324,1.452,0.238,-1.046,0.015,-1.081,0.681,1.695,1.709,0.407,1.142,0.065,1.371,1.11,-0.787,0.011,0.947,1.203,1.887,1.285,1.7,0.366,0.781,0.881,0.835,2.147,1.752,1.274,0.403,0.765,1.383,0.651,2.38,2.013,2.056,1.475,2.434,2.652,2.677,1.466,2.056
Portugal,PT,0.815,0.524,-0.086,0.519,-0.23,0.28,-0.041,0.033,-0.342,0.071,-0.87,-0.906,-0.063,-0.439,-0.09,-0.357,-0.272,0.167,0.169,0.282,0.546,0.56,0.286,-0.12,0.528,0.094,0.752,0.637,1.117,1.401,0.44,0.434,-0.199,0.684,1.663,0.756,1.601,1.212,0.634,0.665,1.165,0.681,1.458,1.062,1.032,1.561,0.775,0.649,1.423,1.122,1.615,0.797,0.941,1.349,1.405,1.682,2.109,0.906,1.291,1.99,1.251,2.318
Puerto Rico,PR,-0.011,-0.098,0.129,0.106,-0.384,-0.044,-0.241,-0.252,0.383,0.021,-0.325,-0.071,0.255,-0.367,-0.177,-0.391,0.202,0.306,0.092,0.582,0.568,0.155,0.543,0.146,-0.049,0.105,0.597,0.528,0.081,0.522,0.411,0.302,0.512,0.71,0.73,0.444,0.654,1.243,0.672,0.273,0.743,0.893,1.06,0.567,0.865,0.821,1.071,0.52,0.651,1.177,0.531,0.762,0.774,0.869,1.093,1.203,0.967,0.848,0.95,1.349,0.922,0.848
Qatar,QA,-0.542,0.518,0.449,-0.4,0.386,0.439,-0.252,-0.536,0.668,0.267,-0.152,-0.731,-0.255,-0.336,-0.281,-0.556,0.274,0.149,0.765,0.389,0.417,-0.13,-0.826,0.039,0.357,0.51,0.385,0.494,-0.069,0.406,-0.151,-0.519,0.031,0.666,0.064,0.496,0.066,1.174,1.735,0.944,0.97,1.436,1.179,1.228,0.842,1.652,0.989,1.162,1.114,2.001,1.444,1.376,1.212,1.541,1.971,1.515,1.893,2.004,1.84,1.734,2.165,1.855
Romania,RO,1.075,0.169,-0.301,-0.791,-0.674,1.053,0.284,0.432,-0.589,-0.053,-0.021,0.382,-0.22,-0.097,0.806,-0.806,0.536,-0.828,0.156,-0.639,0.043,-0.058,0.837,-0.129,-1.193,0.431,-0.724,0.092,0.752,1.1,0.033,0.364,-0.428,1.72,0.409,-0.424,-0.422,0.785,0.62,1.338,1.537,1.22,0.145,0.556,0.298,0.514,2.126,1.335,1.617,1.167,0.497,1.828,1.37,1.552,1.799,1.876,1.153,2.266,2.241,2.256,1.447,1.949
Saint Helena,SH,0.144,-0.07,0.04,-0.026,-0.145,0.055,-0.306,0.195,0.045,-0.258,-0.206,0.546,-0.143,0.249,0.379,0.353,-0.046,0.093,0.032,0.279,0.105,0.107,0.454,0.678,0.398,0.789,0.327,0.527,0.2,0.752,0.643,0.245,0.736,0.986,0.658,0.451,0.895,1.22,1.39,1.465,1.074,1.167,1.385,1.43,1.321,1.595,1.021,1.099,1.668,1.135,1.447,1.255,1.218,1.322,1.902,1.647,1.37,1.609,1.645,1.407,1.747,1.686
Saint Pierre and Miquelon,PM,-0.04,-0.121,-0.19,-0.529,-0.51,0.099,0.183,0.053,0.562,0.953,0.268,-1.278,-0.809,-0.982,-0.731,-0.149,-0.148,-0.343,0.429,-0.236,0.971,-0.502,0.743,0.119,-1.048,-0.735,-0.073,0.197,-0.408,-0.739,-0.7,-1.344,-1.061,-0.297,-0.276,0.114,-0.37,0.736,1.663,1.095,0.522,0.009,0.166,0.562,0.898,1.813,0.385,0.444,0.69,1.311,1.147,1.992,1.292,0.375,0.106,0.854,0.36,0.682,0.05,0.742,2.32,1.944
Samoa,WS,0.067,-0.012,0.079,0.085,-0.306,0.073,-0.297,-0.224,0.216,0.22,-0.414,-0.084,0.196,-0.426,-0.239,-0.364,-0.007,-0.027,0.129,0.177,-0.023,0.172,0.246,0.048,0.046,0.166,0.099,0.399,-0.052,0.377,0.471,0.3,-0.169,0.262,0.665,0.703,0.919,1.113,0.163,0.537,0.815,1.063,0.633,0.105,0.735,0.325,0.942,0.578,1.362,1.246,0.719,0.834,1.167,1.071,0.91,1.44,1.336,1.09,1.44,1.332,1.169,1.156
"San Marino, Rep. of",SM,0.925,-0.116,-0.388,-0.098,-0.406,0.403,0.385,-0.028,-0.103,-0.096,-0.132,-0.043,0.003,-0.038,0.254,-0.425,0.337,-0.585,0.028,-0.454,-0.328,0.407,0.426,-0.58,0.178,0.338,0.103,0.771,0.278,1.001,-0.085,0.508,0.546,1.516,0.288,0.199,0.919,1.113,0.846,1.403,1.684,1.135,1.636,0.852,0.408,0.832,1.808,1.26,1.362,0.696,1.28,1.687,0.992,1.607,1.833,1.768,1.7,1.971,1.822,1.995,1.529,2.115
"So Tom and Prncipe, Dem. Rep. of",ST,-0.108,-0.054,0.249,-0.148,-0.11,0.22,-0.074,-0.042,0.14,0.196,-0.085,-0.042,0.466,-0.097,-0.115,-0.351,0.198,0.127,0.379,0.248,0.202,-0.019,0.161,0.391,0.093,-0.098,0.43,0.375,-0.151,0.095,0.376,-0.07,0.374,0.274,0.845,0.58,0.01,1.175,0.881,0.408,0.319,0.779,1.013,0.835,0.684,0.696,0.919,0.644,0.891,1.049,0.735,0.802,0.851,0.945,0.866,1.56,1.289,1.007,1.393,1.624,1.398,1.321
Saudi Arabia,SA,-0.157,0.688,0.488,-0.47,0.16,0.65,-0.69,-0.391,0.529,0.363,-0.428,-0.559,-0.234,-0.241,-0.316,-0.405,0.139,-0.22,0.873,0.047,0.077,-0.397,-0.847,-0.309,-0.019,0.19,0.532,0.452,-0.112,0.095,0.376,-0.985,-0.186,0.655,0.193,0.58,0.01,1.035,1.489,0.787,0.884,1.092,0.981,0.975,0.542,1.202,0.706,0.906,1.028,2.18,0.893,1.241,1.204,1.249,1.867,1.533,1.78,1.887,1.69,1.488,2.203,1.745
Senegal,SN,-0.185,-0.023,0.082,-0.212,-0.449,-0.079,-0.433,-0.52,0.763,0.557,-0.036,0.38,0.713,-0.432,-0.235,-0.063,0.552,0.506,0.809,0.943,0.767,0.339,1.25,0.661,0.526,0.483,1.022,0.874,0.575,1.193,0.8,0.875,1.097,0.634,0.938,1.219,1.37,1.574,0.581,0.918,1.168,1.425,1.15,1.157,1.366,1.37,1.202,1.294,0.703,1.432,1.187,0.834,1.18,1.105,1.212,1.542,1.744,0.964,1.396,1.665,1.782,1.405
Seychelles,SC,0.317,0.088,-0.077,-0.164,-0.531,0.07,0.032,-0.148,0.209,0.32,-0.435,-0.372,0.181,-0.471,-0.274,-0.205,0.236,0.355,0.226,0.258,0.17,0.433,0.503,-0.294,-0.114,0.25,0.505,0.418,-0.112,0.239,0.439,0.179,0.23,0.507,0.432,0.114,0.598,0.968,0.295,0.406,0.734,0.518,0.719,0.304,0.513,0.537,0.813,0.5,0.82,1.019,0.927,0.922,0.749,0.863,1.169,1.1,1.184,0.917,1.377,1.434,1.032,0.872
Sierra Leone,SL,-0.101,-0.084,0.176,-0.156,-0.281,-0.001,-0.124,-0.058,0.278,0.353,-0.134,0.162,0.481,-0.018,-0.107,-0.195,0.196,0.257,0.572,0.431,0.28,0.352,0.571,0.377,0.254,-0.12,0.722,0.626,0.157,0.5,0.618,0.241,0.556,0.465,0.477,0.599,0.756,1.037,0.59,0.563,0.848,1.005,0.814,1.034,1.194,1.109,0.795,1.243,0.9,1.405,1.134,0.533,1.058,1.037,1.16,1.086,1.728,1.234,1.561,1.526,1.565,1.328
Solomon Islands,SB,0.097,0.093,-0.075,0.13,-0.478,-0.139,-0.138,-0.142,0.244,0.149,-0.121,-0.327,0.206,0.113,0.061,-0.055,0.493,0.346,0.27,0.208,0.475,-0.054,0.331,0.272,0.22,0.009,-0.016,0.645,0.158,0.108,0.26,0.492,0.057,0.043,0.643,0.402,0.293,0.654,0.249,0.563,0.83,0.82,0.592,0.752,0.792,0.549,0.962,0.677,0.319,0.69,0.797,0.887,0.789,0.766,0.674,1.267,1.623,0.709,1.528,1.185,0.955,1.038
Somalia,SO,0.333,-0.028,-0.211,0.027,-0.388,0.173,-0.09,-0.591,0.018,0.079,-0.245,0.298,0.571,-0.027,0.128,0.264,0.493,0.249,0.07,0.651,0.121,0.336,0.454,-0.001,0.007,0.097,0.869,0.719,-0.101,0.108,0.228,0.531,0.162,0.499,0.461,0.619,0.423,0.617,0.388,0.421,0.83,0.82,1.047,0.465,1.07,0.845,0.958,0.677,1.29,1.091,1.057,0.976,1.089,1.121,1.467,1.267,1.623,0.709,1.528,1.724,1.532,1.449
South Africa,ZA,0.251,0.215,0.185,-0.072,-0.025,0.246,-0.073,-0.376,0.287,0.365,-0.153,0.106,0.35,-0.245,-0.132,-0.504,0.171,0.059,0.317,0.237,-0.328,0.212,0.707,0.535,0.663,0.463,0.743,0.338,-0.034,0.324,0.367,0.807,0.836,0.208,0.633,-0.15,0.219,0.825,1.096,0.271,0.516,0.453,0.791,0.874,1.031,0.361,0.721,0.575,0.662,1.083,0.446,0.508,0.655,0.838,1.3,1.562,1.103,1.016,1.811,0.89,0.809,1.094
Spain,ES,0.728,0.411,-0.233,0.486,-0.2,0.392,0.146,0.093,-0.285,0.131,-0.741,-0.825,-0.164,-0.434,-0.091,-0.367,-0.16,0.101,0.276,0.186,0.344,0.709,0.55,-0.163,0.484,0.259,0.724,0.796,1.039,1.446,0.209,0.305,-0.059,1.044,1.444,0.722,1.535,1.189,0.814,0.81,1.406,0.812,1.598,1.004,0.902,1.526,0.835,0.864,1.36,0.908,1.613,1.043,0.906,1.603,1.533,1.714,2.036,1.149,1.534,2.083,1.431,2.489
Sri Lanka,LK,-0.105,-0.092,-0.029,0.07,-0.145,0.213,-0.082,-0.066,0.229,0.125,-0.334,-0.103,0.413,-0.245,-0.183,-0.117,0.038,0.091,0.327,0.419,0.151,0.137,0.637,-0.02,0.077,0.158,0.685,0.704,0.219,0.569,0.516,0.214,0.217,0.305,0.575,0.402,0.559,1.187,0.355,0.462,0.698,0.852,0.759,0.673,0.722,0.496,0.496,0.421,0.783,1.105,0.739,0.977,0.862,0.997,1.006,1.369,1.095,0.823,1.275,1.315,1.034,1.004
St. Kitts and Nevis,KN,0.09,0.031,0.288,0.214,-0.385,0.097,-0.192,-0.225,0.271,0.109,-0.233,-0.214,0.164,-0.377,-0.419,-0.467,0.076,0.161,0.16,0.646,0.564,0.162,0.489,0.009,-0.051,-0.023,0.649,0.395,-0.077,0.417,0.459,0.445,0.528,0.493,0.677,0.377,0.455,1.046,0.541,0.335,0.573,0.634,0.783,0.501,0.843,0.659,0.934,0.394,0.498,1.153,0.586,0.696,0.783,0.744,1.035,1.097,0.958,0.627,0.797,1.131,0.862,0.77
St. Lucia,LC,0.049,0.111,0.258,0.003,-0.245,0.025,-0.249,-0.201,0.436,0.216,-0.225,-0.058,0.104,-0.408,-0.417,-0.344,-0.055,0.096,0.194,0.329,0.354,0.089,0.379,-0.039,-0.228,-0.076,0.525,0.424,-0.025,0.318,0.422,0.382,0.444,0.499,0.65,0.431,0.565,1.085,0.526,0.337,0.573,0.643,0.864,0.517,0.941,0.758,0.752,0.436,0.523,1.177,0.642,0.625,0.744,0.619,0.861,0.999,0.844,0.532,0.967,1.161,0.732,0.689
St. Vincent and the Grenadines,VC,0.108,0.063,0.307,-0.051,-0.197,0.062,-0.238,-0.139,0.504,0.297,-0.301,-0.117,0.072,-0.451,-0.397,-0.239,-0.13,0.066,0.276,0.211,0.331,0.087,0.364,-0.047,-0.426,-0.185,0.444,0.453,-0.164,0.204,0.401,0.394,0.426,0.459,0.709,0.469,0.626,1.186,0.614,0.459,0.689,0.627,0.91,0.438,1,0.739,0.681,0.505,0.504,1.2,0.684,0.581,0.773,0.642,0.839,0.949,0.911,0.539,1.169,1.229,0.761,0.698
Suriname,SR,-0.067,-0.046,-0.055,0.047,0.001,0.242,-0.092,-0.277,0.507,0.22,-0.429,-0.077,0.12,-0.348,-0.364,-0.05,0.128,0.073,0.299,0.28,0.219,0.228,0.453,-0.252,0.001,0.126,0.734,0.561,0.069,0.31,0.337,0.579,0.286,0.305,0.827,0.922,0.775,1.357,0.614,0.657,0.781,1.01,1.069,1.097,1.426,1.003,0.98,1.076,1.414,1.509,1.074,0.986,1.118,1.136,1.309,1.79,1.439,1.25,1.53,1.682,1.277,1.296
Sweden,SE,1.563,-0.69,-0.458,0.393,-0.223,-1.672,0.83,-0.929,-0.207,-1.098,0.03,0.791,1.145,0.935,1.574,-0.11,-0.466,-0.075,-1.091,-0.569,-0.228,-0.134,0.911,0.583,-1.036,-0.493,-1.201,0.726,1.998,1.692,1.025,1.374,0.806,0.195,1.263,-0.164,0.981,0.561,1.362,1.721,1.071,1.566,0.914,1.198,1.825,1.485,1.938,1.954,1.432,-0.279,1.267,1.313,0.857,2.704,2.069,1.841,1.588,1.844,1.568,2.943,1.846,2.11
Switzerland,CH,0.988,-0.357,-0.87,0.137,-0.791,0.466,0.554,-0.062,-0.079,-0.486,-0.069,-0.061,-0.056,0.089,0.622,0.367,0.172,-0.362,-0.063,-0.194,-0.016,0.579,0.869,-0.33,-0.328,0.242,-0.01,0.916,1.142,1.417,0.328,0.969,0.562,1.859,1.001,0.029,1.063,1.111,0.98,1.42,1.45,1.258,1.848,0.974,0.808,1.091,1.804,1.195,1.371,0.459,1.667,1.512,0.782,2.169,1.972,1.859,1.837,2.343,2.096,2.514,1.181,2.798
Syrian Arab Rep.,SY,-0.025,0.998,0.543,-0.709,-0.183,0.923,-1.028,-0.187,0.154,0.637,-0.182,-0.928,-0.41,-0.18,-0.182,-0.845,0.191,0.17,0.921,-0.174,0.146,-0.536,-0.851,0.004,-0.028,0.402,-0.174,-0.203,0.366,0.181,0.481,-1.12,-0.568,1.274,0.153,0.443,-0.126,1.147,1.282,0.668,1.163,0.872,0.542,0.644,0.226,1.017,0.786,1.033,0.635,2.475,0.656,1.044,1.383,1.213,1.319,1.796,1.142,2.389,1.562,1.868,2.238,1.535
Taiwan Province of China,TW,0.158,-0.16,-0.211,0.251,-0.144,0.288,0.088,-0.935,0.01,-0.336,-0.235,-0.164,0.484,-0.364,0.231,-0.549,0.223,0.029,0.059,0.222,0.118,-0.139,0.259,-0.553,-0.059,-0.233,0.352,0.299,0.062,0.349,0.575,-0.077,0.363,0.398,0.19,0.015,0.142,1.2,0.727,0.427,0.784,0.922,0.871,0.442,0.662,0.72,0.79,0.593,0.789,0.535,0.086,0.376,0.685,0.704,0.718,1.01,1.351,1.108,1.304,1.728,1.898,1.383
"Tanzania, United Rep. of",TZ,0.334,-0.26,-0.27,-0.397,-0.242,0.05,0.027,-0.474,0.35,0.193,-0.286,0.024,0.335,-0.122,-0.04,0.015,0.352,0.118,-0.09,0.41,0.387,0.437,0.724,0.125,0.094,0.174,0.598,0.657,-0.083,0.19,0.332,0.338,0.029,0.428,0.347,0.217,0.586,0.499,-0.232,0.53,0.433,0.646,1.01,0.899,1.035,0.836,0.77,0.462,0.892,1.013,0.723,0.82,0.885,0.935,1.102,0.995,1.45,1.055,1.399,1.091,1.126,0.911
Thailand,TH,-0.176,-0.164,-0.328,-0.041,-0.228,0.406,-0.058,-0.128,0.464,0.015,-0.469,0.043,0.361,-0.453,0.095,-0.501,0.109,0.306,0.617,0.536,0.346,0.182,0.495,0.158,0.359,0.137,0.815,0.354,0.384,0.592,0.729,0.455,0.389,0.438,0.769,0.319,0.48,1.529,0.504,0.14,0.733,0.734,0.869,0.625,0.974,0.773,0.638,0.496,0.605,1.405,0.36,1.023,1.234,0.845,1.392,1.659,1.202,0.954,1.857,1.596,1.112,1.014
Togo,TG,-0.066,-0.156,0.101,-0.145,-0.074,0.121,-0.231,-0.142,0.261,0.305,-0.193,0.118,0.541,-0.027,-0.26,-0.295,0.387,-0.04,0.447,0.418,0.164,0.173,0.677,0.55,0.369,0.212,0.964,0.608,0.08,0.597,0.245,0.046,0.468,0.454,0.493,0.627,0.554,1.088,0.575,0.523,0.641,0.732,0.973,0.703,0.932,0.968,0.847,0.711,0.876,1.249,0.866,0.571,0.754,0.923,1.096,1.125,1.243,1.123,1.273,1.134,1.554,0.975
Tonga,TO,0.333,-0.183,-0.283,0.239,-0.606,-0.411,-0.21,0.007,-0.203,0.409,0.202,0.012,0.451,0.108,0.085,-0.161,0.053,0.221,0.271,0.238,0.186,0.238,0.142,0.376,0.29,0.082,0.049,0.857,0.487,0.419,0.39,0.268,0.001,0.301,0.471,0.282,0.17,0.201,0.119,0.272,0.564,0.78,0.455,0.632,0.769,0.55,0.821,0.292,0.356,0.869,0.602,0.671,0.807,0.713,0.759,1.284,1.077,1.021,1.599,1.398,1.19,0.846
Trinidad and Tobago,TT,0.188,-0.139,0.299,-0.068,-0.151,0.151,-0.107,-0.171,0.508,0.339,-0.343,-0.155,0.078,-0.376,-0.387,-0.266,-0.065,0.099,0.249,0.248,0.325,0.082,0.292,-0.101,-0.534,-0.336,0.422,0.303,-0.263,0.167,0.319,0.261,0.49,0.354,0.715,0.52,0.681,1.208,0.687,0.512,0.715,0.603,0.818,0.379,1.145,0.731,0.627,0.463,0.573,1.247,0.577,0.626,0.792,0.692,0.824,0.925,1.177,0.667,1.191,1.395,0.952,0.714
Tunisia,TN,0.274,0.152,-0.075,0.347,-0.127,0.535,0.023,0.078,0.058,-0.2,-0.225,-0.34,-0.122,-0.332,-0.35,-0.731,0.598,-0.392,0.426,-0.197,0.094,0.821,0.226,-0.112,0.407,0.447,0.61,1.336,0.481,1.418,-0.041,0,0.635,1.328,0.659,0.633,1.252,0.987,1.747,1.014,1.992,1.25,1.697,0.916,1.047,1.271,1.388,1.374,0.865,1.752,1.038,1.607,1.47,1.879,1.192,1.896,1.377,1.507,1.34,2.015,2.555,2.291
Turks and Caicos Islands,TC,0.154,-0.227,0.169,0.348,-0.178,-0.024,-0.179,-0.125,0.316,-0.062,-0.162,-0.084,0.126,-0.102,0.232,-0.35,0.223,0.622,-0.005,0.36,0.371,0.468,0.636,0.279,0.12,0.269,0.81,0.588,0.317,0.583,0.541,0.232,0.008,0.269,0.399,0.592,0.902,1.354,0.918,0.592,1.002,0.885,1.321,0.86,0.967,1.009,1.331,0.649,0.74,1.185,0.595,0.777,1.307,1.247,1.471,0.831,1.063,0.975,1.456,1.547,0.94,0.944
Tuvalu,TV,-0.071,0.085,-0.033,-0.028,-0.33,-0.011,-0.252,-0.268,0.186,0.058,-0.356,0.038,0.412,0.072,-0.036,-0.077,-0.047,0.073,0.252,0.293,0.151,0.036,-0.063,0.094,0.188,0.427,0.005,0.089,-0.122,0.222,0.541,0.232,0.008,0.269,0.399,0.364,0.41,0.192,0.392,0.501,0.761,0.793,0.549,0.636,0.815,0.668,0.758,0.392,0.665,0.922,0.805,0.612,0.682,0.646,0.798,0.921,1.013,0.975,1.078,1.195,0.689,0.663
Uganda,UG,-0.032,-0.295,-0.183,-0.236,-0.117,-0.007,-0.09,-0.268,0.122,0.037,-0.158,0.093,0.374,-0.109,-0.036,0.07,0.215,0.156,0.33,0.626,0.448,0.385,0.664,0.279,0.098,0.237,0.605,0.433,-0.103,0.264,0.207,0.248,0.176,0.269,0.431,0.299,0.542,0.411,0.072,0.273,0.183,0.675,0.908,0.681,1.232,0.967,0.455,0.774,1.295,1.425,1.099,1.117,1.06,1.136,1.159,1.262,1.735,1.102,1.616,1.236,1.499,1.416
United Arab Emirates,AE,-0.285,0.538,0.369,-0.287,0.211,0.276,-0.057,-0.616,0.574,0.422,-0.151,-0.801,-0.329,-0.46,-0.332,-0.562,0.391,0.037,0.445,0.372,0.225,-0.325,-0.697,-0.187,0.138,0.191,0.162,0.191,-0.31,0.241,-0.282,-0.667,-0.038,0.381,-0.198,0.306,-0.342,0.968,1.293,0.681,0.56,1.123,1.052,1.052,0.725,1.255,0.802,0.777,0.896,1.482,1.121,1.086,0.739,0.909,1.556,1.059,1.632,1.498,1.204,1.21,1.699,1.482
United Kingdom,GB,0.491,-0.734,-0.868,0.025,-0.575,-0.137,0.22,-0.07,-0.213,-0.076,0.254,-0.055,0.203,-0.062,0.604,0.729,-0.323,0.07,-0.781,-0.022,0.176,0.118,0.348,0.337,-0.522,-0.594,-0.283,0.307,1.145,1.016,0.21,0.522,-0.015,0.413,1.119,-0.142,0.882,0.86,1.133,0.724,0.631,1.011,1.194,1.035,1.116,1.25,1.332,0.838,0.948,-0.05,0.851,0.576,0.364,1.718,0.614,1.161,1.424,0.998,1.231,1.373,0.929,1.911
United States,US,0.003,-0.026,0.418,-0.282,-0.362,-0.214,0.076,-0.073,-0.267,-0.03,-0.415,-0.252,-0.013,0.081,-0.389,-0.124,0.397,0.035,-0.306,0.412,0.871,-0.343,0.54,-0.233,-0.025,0.584,0.913,0.471,0.324,0.674,0.527,0.395,0.004,0.466,0.63,-0.011,0.384,1.272,0.758,1,0.786,0.951,0.99,0.863,1.153,1.026,1.143,0.212,0.398,0.695,0.537,1.448,0.614,0.501,1.531,2.224,1.433,1.276,1.034,1.324,1.144,1.217
United States Virgin Islands,VI,0.069,-0.082,0.172,0.154,-0.352,-0.089,-0.307,-0.191,0.369,0.051,-0.307,-0.13,0.189,-0.362,-0.24,-0.387,0.129,0.137,-0.062,0.718,0.514,0.052,0.552,0.189,0.041,0.057,0.506,0.523,0.073,0.461,0.422,0.286,0.535,0.666,0.642,0.342,0.493,1.101,0.548,0.202,0.616,0.782,0.887,0.541,0.821,0.739,0.994,0.444,0.637,1.054,0.419,0.619,0.755,0.882,1.071,1.162,0.964,0.722,0.898,1.32,0.922,0.894
Uruguay,UY,0.398,-0.473,0.33,-0.762,0.18,-0.421,0.019,0.385,0.149,0.374,-0.345,0.25,-0.124,-0.048,0.031,-0.334,0.502,0.116,0.128,0.571,0.5,0.574,-0.052,0.103,0.431,0.77,0.336,-0.504,0.74,0.575,0.309,0.146,0.28,0.45,0.277,0.478,1.099,0.102,0.065,0.333,1.226,0.61,0.324,0.458,0.802,0.586,0.131,0.719,0.508,0.261,0.447,0.836,0.149,1.162,1.048,0.301,1.546,1.196,0.766,0.89,0.79,0.382
Vanuatu,VU,0.168,0.092,-0.165,0.22,-0.569,-0.27,-0.144,-0.288,0.013,0.299,0.016,-0.321,0.558,0.378,0.239,0.041,-0.047,0.114,0.103,0.147,0.099,0.072,0.215,0.034,0.603,-0.068,-0.166,0.689,0.122,0.357,0.066,0.055,-0.281,-0.074,0.439,0.474,0.245,0.757,0.883,0.777,0.401,0.452,0.36,0.462,0.536,0.394,0.921,0.712,0.438,0.878,0.669,0.402,0.706,0.585,0.573,1.146,1.131,0.613,0.897,1.226,1.147,1.479
"Venezuela, Rep. Bolivariana de",VE,0.072,-0.113,-0.012,0.097,-0.096,0.189,-0.199,-0.173,0.514,0.217,-0.365,-0.029,0.313,-0.295,-0.3,-0.409,0.168,0.095,0.202,0.346,0.134,0.116,0.469,-0.107,-0.295,-0.163,0.415,0.161,-0.098,0.356,0.46,0.454,0.525,0.32,0.77,0.545,0.609,1.039,0.339,0.298,0.626,0.864,0.912,0.676,0.933,0.674,0.76,0.518,0.816,1.227,0.601,0.513,0.941,0.865,1.094,1.098,0.726,0.843,1.235,1.35,0.734,0.533
Vietnam,VN,0.014,-0.24,-0.302,0.082,-0.017,0.488,-0.129,-0.304,0.535,-0.062,-0.438,-0.008,0.468,-0.387,0.199,-0.551,-0.029,0.112,0.416,0.368,0.49,0.196,0.082,-0.126,-0.028,0.088,1.048,0.181,0.034,0.402,0.616,0.101,0.332,0.329,0.377,0.001,0.31,1.307,0.74,0.129,0.693,0.722,1.043,0.385,0.838,0.892,0.506,0.199,0.671,1.092,0.118,0.736,0.895,0.54,1.222,1.191,1.121,0.817,1.811,1.477,1.114,1.033
Wallis and Futuna Islands,WF,0.323,-0.051,0.125,0.187,-0.41,0.048,-0.255,-0.096,-0.21,0.053,-0.042,-0.117,0.363,0.127,-0.022,-0.119,-0.14,-0.043,0.117,0.194,0.153,0.131,0.109,0.077,0.158,0.11,0.264,0.6,0.203,0.315,0.075,-0.061,-0.307,-0.148,0.4,0.336,0.097,0.369,0.238,0.425,0.689,0.827,0.518,0.64,0.82,0.607,0.882,0.331,0.361,0.93,0.73,0.701,0.773,0.686,0.724,1.267,1.062,0.92,1.379,1.274,1.029,0.951
West Bank and Gaza,PS,-0.11,0.822,0.848,-0.626,-0.031,0.604,-0.934,-0.11,0.23,0.187,-0.351,-0.505,-0.479,-0.256,-0.409,-0.573,0.003,-0.077,0.606,-0.204,-0.215,-0.562,-1.068,-0.201,0.017,0.055,-0.294,0.033,-0.173,-0.113,0.396,-1.045,-0.368,0.8,-0.166,0.338,-0.121,0.894,0.9,0.249,0.855,0.728,0.559,0.554,0.196,0.587,0.519,0.722,0.831,2.326,0.581,1.043,1.114,0.863,1.326,1.615,0.735,2.007,1.204,1.455,1.787,1.074
Western Sahara,EH,0.632,0.576,0.333,0.819,-0.337,0.284,-0.026,-0.368,0.383,0.543,-0.637,-1.096,-0.014,-0.589,-0.266,-0.959,0.119,0.403,0.537,0.497,0.621,0.418,0.837,0.432,0.759,0.294,1.109,0.384,0.691,1.367,0.55,0.529,0.315,0.903,1.356,1.353,1.536,1.415,0.935,0.874,1.296,1.249,1.387,1.55,1.21,1.406,0.903,1.351,0.938,1.898,1.579,1.344,1.423,1.401,1.51,1.732,2.204,0.942,1.477,2.069,1.593,1.97
World,ZM,0.211,0.038,0.168,-0.246,-0.223,0.201,-0.117,-0.126,-0.092,0.15,-0.093,-0.199,0.269,-0.181,0.088,-0.314,0.269,0.001,0.226,0.332,0.443,0.086,0.46,0.127,-0.031,0.242,0.403,0.558,0.331,0.639,0.468,0.184,0.348,0.507,0.835,0.355,0.656,0.993,0.783,0.728,0.834,1.021,0.893,0.913,1.095,0.998,1.195,0.935,0.957,1.219,0.921,1.074,1.016,1.053,1.412,1.66,1.429,1.29,1.444,1.711,1.447,1.394
Zambia,ZM,0.228,-0.168,-0.39,-0.279,-0.418,0.3,-0.014,-0.13,0.243,0.351,-0.249,-0.139,0.383,-0.405,-0.127,-0.314,0.51,0.087,0.249,0.138,-0.158,0.34,1.064,0.575,0.206,0.061,0.958,0.627,0.139,0.772,0.166,0.544,-0.117,0.362,0.761,0.393,0.339,0.876,0.064,-0.04,0.263,0.711,0.871,0.606,0.948,0.623,0.78,0.438,0.306,1.21,0.956,0.972,0.79,0.917,1.45,1.401,0.105,0.648,0.855,0.891,0.822,0.686
Zimbabwe,ZW,0.267,0.237,-0.458,-0.097,-0.48,0.215,-0.043,0.093,0.215,0.421,-0.052,-0.397,0.601,-0.485,-0.262,-0.436,0.433,-0.016,0.189,-0.024,-0.36,0.17,1.223,0.483,0.027,0.025,1.07,0.447,0.181,0.567,0.192,1.01,0.3,-0.085,0.685,-0.247,-0.025,0.801,0.03,-0.417,0.004,0.487,0.355,-0.004,0.945,-0.26,0.127,0.078,-0.226,0.935,0.232,0.334,0.118,0.025,0.97,1.27,0.088,0.453,0.925,0.389,-0.125,-0.49
