Age,Gender,AnnualIncome,NumberOfPurchases,ProductCategory,TimeSpentOnWebsite,LoyaltyProgram,DiscountsAvailed,PurchaseStatus
40,1,66120.26793867795,8,0,30.56860115599193,0,5,1
20,1,23579.773583030514,4,2,38.240096605544196,0,5,0
27,1,127821.3064316501,11,2,31.633211501604148,1,0,1
24,1,137798.62311954965,19,3,46.167058811662955,0,4,1
31,1,99300.96422033315,19,1,19.823591862495636,0,0,1
66,1,37758.11747465244,14,4,17.827492934546594,0,2,0
39,1,126883.38528613503,16,3,42.085383519448804,1,4,1
64,1,39707.35972401292,13,2,17.190291539022134,1,0,0
43,0,102797.30126911662,20,1,6.023474556808846,0,3,0
20,1,63854.92107998205,16,0,38.57246639277682,0,5,1
66,1,66199.99392914612,11,1,1.4155319628243697,1,5,1
70,1,83556.71813301867,11,2,42.173999325776514,0,4,1
54,0,114467.22896914203,9,2,17.626043673393056,1,5,1
64,1,31880.893223130934,17,0,22.753472516233717,1,1,0
19,1,107485.66091127621,7,1,28.26032122753378,1,4,1
70,1,67049.59880892246,2,4,21.895097608810204,0,0,0
51,1,129174.20886637547,13,4,21.808776090014348,0,0,1
18,1,128374.49505188613,0,2,16.768262423676642,0,4,0
57,0,71740.68808408537,12,2,40.69672742492697,0,2,0
20,0,121499.00618889718,12,3,21.240052218659386,1,0,1
59,0,92768.23887298974,3,2,1.037023481078914,0,5,0
19,0,116945.39175506018,17,3,5.953791243356875,0,5,1
46,1,133256.58269419678,7,2,41.685400866460554,0,2,0
22,1,56597.755793940894,16,4,14.827835349994656,1,1,1
31,0,78117.2206948353,13,0,30.353469185591578,0,1,1
62,0,108227.09436743343,18,3,10.39038595563596,0,2,0
67,1,102252.54423731811,14,1,44.49593419070698,0,5,1
66,0,97875.7963295496,17,1,54.593550364371815,0,2,1
67,1,23792.06927388438,15,4,28.64750679716908,1,5,0
48,1,138727.3031849108,9,0,13.71525859531836,0,2,0
52,1,42589.00710764669,1,1,3.626033317294109,1,5,0
63,0,80023.09869570548,11,2,44.969247684174036,0,0,0
36,0,144947.6131029871,12,1,26.151565326802128,0,4,1
37,0,101842.50059592575,16,3,17.34032246935198,0,1,0
25,0,139395.43617890312,1,0,1.64978814180084,0,2,0
40,1,107419.86474325375,15,2,28.881975329587483,0,5,1
53,1,93069.46327233424,12,3,44.39322491166161,1,0,1
30,0,52154.24105648084,15,1,18.966868159931614,0,2,0
66,0,124009.22593089074,7,4,52.24461701636442,0,0,0
43,0,48046.28829293903,5,2,29.539116111052078,1,0,0
43,1,43303.22954801271,13,3,2.7576397379247086,0,5,0
68,0,64874.98710424737,9,1,42.14942186169406,0,4,1
59,0,123832.8449150947,7,2,49.28016124284287,0,1,0
45,1,99978.52697003141,15,2,40.62795362887603,1,0,1
50,1,57327.93455099482,20,1,30.655176821653956,1,3,1
61,1,114517.37901000072,12,1,30.98195957429383,0,0,0
62,0,67931.93221242339,11,4,58.26272557298126,0,5,1
53,1,67808.71561404766,17,0,32.09595923306126,0,5,1
18,1,129969.78715810517,14,1,15.87649339449767,0,4,1
47,1,104216.2679787687,13,1,56.84931579392198,1,4,1
52,0,40534.12696859524,1,1,54.28825075264435,0,2,0
25,0,29263.374609483617,2,3,13.278256041185994,0,4,0
18,1,38570.537349109014,5,3,23.847516844005025,0,5,0
40,0,33711.580994361975,16,4,11.79069013105145,1,4,0
22,0,32401.90605071738,10,0,42.616025841452974,0,3,1
35,0,80147.82865850115,12,2,40.97033790015843,0,0,1
32,1,90421.62561330052,15,3,58.75625381107409,0,0,1
42,1,108080.49476966391,9,1,21.041864490295637,0,3,0
47,1,75279.6641069002,8,2,51.850939535977176,0,4,1
31,0,95411.5485070291,12,0,57.810606416504214,1,2,1
33,1,26258.568677185947,19,3,12.922775229104726,0,5,0
23,0,118155.45073701617,16,2,1.4036041407534494,0,2,0
52,1,116034.00959445363,0,4,21.42040150970005,1,3,1
66,1,118928.7988036522,16,1,41.05435289413832,0,2,0
55,0,56724.488576470794,15,0,54.99486114049874,0,4,1
59,1,77136.51952227831,6,3,54.91870112898598,0,3,1
62,1,62288.367422994044,8,0,11.599760984373914,0,0,0
40,1,124336.13834537567,10,2,6.458480649802572,0,0,0
57,1,56722.23671701347,1,3,7.736843033990797,1,1,0
45,1,101410.4617847383,19,4,25.433759360166803,1,2,0
33,1,53837.29148358039,16,4,18.611092786422834,1,4,1
70,0,119425.2741173894,4,3,45.35588065466813,0,5,0
43,0,86607.29108095278,14,4,40.27337953693163,0,2,0
42,1,25069.481634738506,15,1,1.7973048960647717,0,1,0
43,1,66806.56056712719,20,4,55.59200349279615,1,0,1
65,0,36226.70581569028,12,4,30.7072971665818,1,1,0
68,1,118640.91298845227,13,2,11.475917263080143,0,5,0
40,1,118450.32692747706,9,3,43.45517426021217,1,5,1
64,1,118052.2737586705,11,3,56.20920642994847,0,3,1
24,1,22837.041580813635,17,2,18.841348677931414,0,4,0
22,1,86465.81008609766,20,2,53.63147275237195,0,3,1
40,0,98472.83607271877,20,0,53.05186978022514,0,2,0
25,0,44363.55273268569,4,3,7.011613484321616,1,1,0
68,0,41751.76952013785,19,3,14.812057233267794,0,3,0
68,0,55711.49595622596,15,3,22.18104531667656,0,5,0
43,0,33234.4787834398,20,1,51.35446763895064,0,4,0
23,1,39149.395756266145,2,1,26.425538854581287,0,4,0
26,1,107636.93841968819,1,2,14.377319387003324,0,0,0
35,1,70116.54761579991,4,4,40.45158220897569,1,2,1
70,0,85814.58773437636,19,0,13.078447783049935,1,0,0
31,1,67812.17840829988,6,3,49.3060618126673,0,1,1
43,0,118837.67700587754,3,1,8.367334537449437,1,0,0
43,1,69986.47259382563,19,2,55.46726532853663,1,4,1
27,1,103956.91021724296,2,0,32.59243202976029,0,1,0
36,1,144485.53196089625,19,2,31.01282450303318,0,4,0
31,1,115923.0374129989,2,1,35.61813901907323,0,1,0
58,1,111633.23130563962,8,1,44.237461899072514,0,5,1
47,1,49291.20089366056,13,4,1.2872360516746904,0,4,0
29,0,64518.237248512734,6,3,54.11842213489496,0,1,1
44,0,114377.38829808841,16,0,5.619798558293892,1,5,1
54,1,90906.14302289771,3,1,51.63019657657261,1,0,0
24,0,98084.63865128627,19,0,4.63880043363649,0,0,0
54,0,28320.825059120718,3,1,47.31540333628746,1,4,1
55,0,29911.09833656338,15,2,34.0233287197705,0,5,0
29,0,149326.50821557362,20,4,3.5625680769026102,0,3,1
23,0,142681.2070666287,12,2,25.50042481679641,0,2,0
25,1,65146.01507396598,6,1,38.490247321475344,0,4,1
54,1,113399.0131519315,11,0,29.652213307895405,0,1,0
18,1,26716.933815534943,6,3,29.218736383151537,0,0,0
34,1,145241.27644776157,10,2,28.629734895926724,0,2,0
62,1,93492.9330943093,0,0,26.36083551484617,0,3,0
70,1,59135.99011846069,5,3,18.858073412346524,0,0,1
58,1,90382.98895518607,5,3,41.27335750709702,0,2,0
36,0,29825.869801028704,5,0,42.942765497171955,0,4,1
23,1,20017.51009058309,5,3,23.93181028958608,0,5,0
52,0,22722.844934018667,18,2,50.149021572523125,0,3,0
33,0,96410.01691208578,14,1,21.25928958489978,0,0,0
47,0,43065.7400310619,7,0,17.226461576780068,1,2,0
40,1,36167.89187006633,20,0,49.71060206951388,0,2,0
52,0,69898.28375129572,12,1,43.32499366971543,0,4,1
57,1,112561.8226430015,8,0,18.0590663867069,1,0,0
64,1,132261.17792689087,13,3,35.30578292778883,0,1,0
43,0,45897.9857362269,1,4,24.79849399655484,0,2,0
41,0,70461.54179650941,11,2,40.9832109259442,1,1,1
65,1,26529.38149031659,18,3,6.586178439782908,0,4,0
68,1,30007.330718445613,19,3,9.673882339086935,1,5,0
19,1,24590.47614223108,1,3,14.971057541914627,0,5,0
38,0,115929.2611360233,20,3,44.229310848377615,0,5,1
53,1,30017.576287463053,14,3,35.352009479352596,0,4,0
64,0,112523.96474698634,9,4,16.40067510061504,1,4,1
70,1,86224.87665947266,13,0,56.322026176378934,0,2,0
21,1,36652.447027606,16,4,44.28492758150246,1,2,1
58,1,143569.03683620645,20,1,53.43604449201496,0,4,1
56,0,95610.89808859516,5,4,35.65351968333865,0,1,0
32,0,88939.27732239058,18,1,31.73226117934007,1,1,1
18,1,34941.28961774369,4,1,51.11840136578476,0,1,0
22,0,37476.56682305584,2,1,13.2883828340592,0,3,0
64,0,130545.2401455864,18,2,40.64659213769602,0,3,1
68,0,21910.140525144,10,1,27.688829270244256,1,1,0
39,0,126226.65846202607,19,2,20.842177570411234,0,3,1
44,1,121888.77952293394,18,2,23.253548715270366,0,2,0
70,1,86446.78810083987,2,1,27.178385374750402,1,2,0
50,0,136101.72667540394,13,1,55.206090983450835,0,2,0
43,1,114767.53801525614,12,2,50.4096027952493,0,2,0
25,0,72231.24408506215,0,2,16.826771176416337,1,3,1
60,0,54492.39788221071,14,2,18.105560995348686,0,4,0
65,1,55499.20529646561,20,4,12.778099651935134,0,5,0
31,0,51356.18948794039,13,4,32.94039566537178,0,1,1
52,1,149123.1520049853,8,3,47.40842477905888,0,2,0
38,1,56530.58485813277,9,3,43.55224358243608,1,5,1
57,1,79069.05349279492,8,4,43.22162230133536,0,2,0
55,1,37596.030696099115,18,1,42.4228714461853,1,4,1
40,1,31322.059683450294,20,1,9.333378183566882,0,2,0
65,0,57988.36996004671,5,0,49.279730056923526,0,3,0
46,0,84195.82525940074,12,1,13.355642578489402,0,3,0
43,0,101042.77456072721,14,4,1.596751467989313,0,5,0
28,0,114836.06972481158,20,1,4.1215385629691985,0,2,0
49,1,135205.45146045968,20,3,6.459184707636429,0,0,0
32,1,58387.764226232626,15,1,36.43579112204377,1,5,1
69,1,120245.96606074525,13,4,33.5869683450824,0,2,0
40,0,136232.2593293226,0,4,4.728108477196455,0,3,0
34,1,102069.98190195853,16,4,41.1183308952732,1,5,1
26,1,107903.08306980642,7,2,20.97806251764532,0,1,0
68,0,102507.2655230124,6,0,52.12061273169345,0,1,0
64,0,72985.9471145962,1,1,50.15830792734178,0,4,0
44,1,85798.44216923173,9,0,20.955627071719807,0,3,0
18,0,29053.349261112744,17,1,35.68623716879406,0,3,1
47,0,73287.63566051747,9,0,57.5859702946618,0,3,1
53,0,55997.58335911516,17,2,13.401326154411937,1,1,0
50,1,76422.5176026038,12,4,15.679026761435727,1,4,1
51,0,85052.14894232617,12,4,30.481310586691347,0,4,1
33,0,79662.26715758664,4,4,36.7930302567762,1,2,0
53,1,21575.700703706127,10,4,59.90080663768644,0,1,0
52,0,79310.74616422047,3,2,11.409946457750669,0,0,0
27,0,145689.9149739071,18,4,22.548447649156035,0,3,1
40,0,30850.331048619828,7,3,35.510922744744576,1,4,1
39,0,98812.88190762707,3,2,46.30470545438897,1,5,1
20,0,76422.72645213865,13,4,41.938715583975345,1,1,0
69,1,41411.82594619847,16,3,37.80087983916815,1,5,1
57,0,86801.08034687981,7,0,24.02698661112505,0,5,0
52,1,34798.99115195818,5,1,6.524340706684125,1,1,0
31,0,122381.3811616413,1,2,42.81915662946309,0,4,1
56,1,48679.553852457466,17,1,10.110529694813566,0,3,0
45,0,103533.4759395749,5,3,27.53094165383948,0,4,0
53,0,99329.26943209337,3,2,54.79194305215633,1,0,0
38,1,30549.39320971109,0,0,54.249984775734234,0,2,1
21,1,82574.73971259207,9,0,24.667730200016056,0,0,0
37,0,122519.94540741283,5,3,21.341416247092575,0,5,0
66,0,41090.34275172232,3,1,16.37983430669502,0,5,0
54,0,97162.92159924218,11,2,32.24478816204781,1,1,1
36,0,123789.44426738583,2,1,54.07125314068228,0,5,1
21,0,73640.83931032108,3,3,31.359145630549605,0,3,1
47,1,58647.802739953375,6,0,47.64348560877816,0,5,0
24,0,94343.39525953426,2,3,40.19602262973525,1,2,1
32,0,134714.12789295404,7,1,16.707658588429805,0,2,0
22,0,147050.02803889549,2,0,29.455188115776398,0,2,0
50,0,81923.64532914283,5,0,33.09776795237996,0,4,0
27,0,120479.79264389497,19,2,15.743368779423108,0,1,0
43,1,147283.6419419701,12,0,48.014832646295275,0,3,1
22,0,87622.08600039766,2,1,24.942913439816024,0,2,0
48,0,35383.70482004035,10,1,53.03655775329584,0,3,0
66,1,141127.98352626612,0,1,1.1288644285776774,0,3,0
41,1,108740.23875904232,8,1,37.69854213972985,0,0,0
58,1,122052.1506988174,17,4,21.254757182548715,0,2,0
39,1,106829.59984447152,9,0,44.36654279720083,0,1,1
68,0,63219.300429332565,20,2,55.69324544598309,1,4,1
63,0,73773.54773942259,7,3,4.540483362751696,1,3,1
27,0,56955.632080577176,3,1,50.36705148248336,0,0,0
66,0,60536.09730108375,16,2,55.95726056320416,1,0,1
42,0,42778.830373757555,17,3,59.98534224231362,0,3,0
44,1,126873.41087802932,7,4,23.24345500556593,0,4,0
70,0,115856.42006041395,9,2,19.042997165736175,0,3,0
39,1,84715.62604445772,9,0,56.511699782187826,0,4,1
49,0,118377.69573952255,19,4,7.829842728533153,1,5,1
38,1,101457.02644211733,14,4,57.65286627058666,0,3,1
61,0,109107.7048188472,13,2,4.43483321244504,1,4,1
23,0,97095.76344428194,13,4,24.56650446282041,1,3,1
43,0,63450.981430487904,13,3,3.029789298754036,0,1,0
36,0,44193.18432001605,17,3,11.49515946533548,0,0,0
69,1,125530.07245171788,14,1,25.985438545710632,1,4,1
29,0,145204.9645065926,4,4,47.2720066590963,0,4,1
54,1,142288.30186499428,15,3,9.585520722858071,1,5,1
66,1,124832.47024026913,11,3,39.3566801817336,0,3,1
42,0,109457.51179125048,1,2,5.176694724659292,0,4,0
50,0,37571.61759012696,13,2,28.35370238626354,0,2,0
21,0,76396.26454494885,18,2,52.572437963523996,1,5,1
35,0,20996.324244399293,0,2,15.222796405547461,0,4,0
19,1,28862.400220114163,19,3,49.6770838294252,0,4,1
45,1,135727.95034270268,14,2,40.91185646605225,1,0,1
40,1,116574.59417683206,10,2,5.501844796270693,0,4,1
18,1,61002.896447241656,0,2,46.83673114408749,0,1,0
27,0,106996.03418195019,1,4,58.884759846297065,0,5,1
23,1,23035.77252266417,17,0,53.429884716354515,0,2,0
64,1,62207.87049570779,2,0,41.9379265506682,0,0,0
42,0,76224.72418291715,9,4,24.479660436464673,0,4,0
38,1,30519.506796662783,4,4,59.89379455227144,0,3,0
45,1,129459.811875708,1,2,41.45345320664676,0,3,0
25,1,60735.22928606861,8,4,21.583354579712132,0,5,1
32,1,51451.11844101884,4,4,32.86467999340955,0,4,1
18,1,118931.03005440097,1,2,33.43139220573812,1,0,1
48,1,146863.58813830698,6,0,17.759444953385312,0,2,0
20,1,59303.32241569419,18,1,6.569451078327691,0,4,1
39,1,140524.38175159553,13,2,53.38243743297993,0,5,1
57,1,79069.05349279492,8,4,43.22162230133536,0,2,0
28,0,53070.90550944011,0,1,18.854767792796544,1,2,0
70,0,126922.47327246693,12,2,41.176244192811,1,4,1
43,0,89293.75274199819,10,4,57.24566595985667,1,4,1
70,0,123568.5816348784,5,3,31.13029608238376,1,0,0
18,1,24995.42536510225,15,3,30.336522506179747,1,2,1
59,1,86588.84970564768,6,1,3.8366591407005624,0,2,0
38,0,144269.4477641915,17,1,34.15493848960112,0,4,1
68,0,134789.1972278705,3,0,5.462191466238418,0,3,1
65,0,65922.68310526834,15,3,34.861819031255955,1,0,1
50,0,113878.62060926776,15,0,32.954218445110726,0,5,1
22,0,29992.069785901258,1,1,26.428284486774242,1,4,0
48,1,130295.29928176821,19,3,57.51681246722325,1,2,1
52,0,46909.03519699548,7,0,30.447410828348783,0,3,0
65,0,100913.77340357956,17,1,56.92394307794506,1,4,1
53,0,55985.86001286975,15,3,53.24800717155225,0,5,1
51,1,30094.413507308658,15,1,40.28560820676036,0,1,0
51,1,78415.46646515347,9,1,47.990654402730755,0,4,1
28,0,55151.12722998832,17,1,34.01739448303871,1,0,1
37,1,104411.90219499462,3,4,5.621296253803888,0,5,1
61,0,81997.0138408361,1,3,36.99255738200734,0,4,0
33,0,33082.87220805933,15,2,7.901999736730198,1,1,0
61,1,28540.33166406755,3,4,40.104358231876155,1,0,0
57,0,135943.3788253955,9,4,13.191947908610613,0,3,0
18,0,86356.22357055018,11,1,35.40099338090647,1,0,1
25,0,111342.39050111713,18,1,44.992071618709616,0,2,1
43,1,147555.02879133506,17,4,52.52534152220597,0,5,1
68,0,136365.30629184973,6,2,2.947704218119308,0,0,0
43,0,101042.77456072721,14,4,1.596751467989313,0,5,0
30,0,130105.95104691786,16,2,27.17509917911577,0,1,0
50,0,41425.926044826825,6,0,29.865092824238697,1,2,0
56,1,115264.20081961258,6,1,57.21722896106448,0,3,1
24,1,142778.31575025944,19,4,45.54856447415479,1,4,1
67,0,110024.06746699929,8,3,31.66141683787224,0,5,1
50,1,109555.08926651179,20,0,1.2184420031125942,1,3,1
30,1,64611.75591244557,12,1,40.71356953934719,0,2,1
56,1,87768.48619503806,4,1,22.018743781623026,0,3,0
60,0,84072.39597816806,4,4,23.197533323310275,0,2,0
57,1,57765.58573728465,9,3,30.354229645619714,1,3,1
30,0,55902.04251671693,19,1,25.268487129542972,0,4,1
35,1,126987.89465542977,6,4,44.661050209334554,0,3,0
29,1,67976.89282891915,16,4,57.398287170902755,0,3,1
37,1,125816.13503578244,14,4,27.322806130973003,0,4,1
22,0,115866.38993379312,16,4,37.65236529832987,1,2,1
27,0,90753.0155947807,20,2,51.66636951094185,0,5,0
43,0,144286.12866955128,5,4,38.391491144229846,0,4,0
29,0,127092.74994876831,7,4,55.96789573578212,0,3,1
49,0,97118.80411395995,0,4,52.05237899286045,0,1,0
34,1,58300.52152500511,17,3,9.100899133354659,1,1,1
29,1,116187.53569970095,2,1,56.77311537484657,1,3,1
40,0,87520.16173551185,15,0,50.80696785362082,1,1,1
25,0,40658.061797015966,18,3,4.287951156358083,0,4,0
51,1,61286.28338394516,4,0,15.05435669306135,0,0,0
32,0,113515.97090799062,5,0,55.13514878118434,1,2,1
48,0,38537.23873064814,3,4,4.6842122234615235,0,0,0
36,1,117347.42380522985,16,2,12.308607810986185,0,3,1
65,1,55499.20529646561,20,4,12.778099651935134,0,5,0
38,0,66615.19999823351,14,1,27.072562853756626,0,2,0
42,1,27417.11374966306,19,1,52.26858719623288,0,0,0
58,0,85760.85008373777,18,3,27.507198270442338,1,1,0
53,0,29230.996389323212,19,1,30.10356881297504,0,0,0
50,0,41425.926044826825,6,0,29.865092824238697,1,2,0
50,0,90082.29185568113,11,1,46.92201451498596,0,3,1
56,1,48679.553852457466,17,1,10.110529694813566,0,3,0
29,1,38095.571174940414,14,3,49.689671332478675,1,4,1
23,0,126812.79670236132,15,1,17.17567822266571,0,1,0
30,0,35795.178919119346,18,0,4.226897299999791,0,1,0
40,1,36414.41640338536,8,1,48.522510699394616,0,5,0
66,0,143685.8753470382,14,3,52.594031093734905,0,2,0
33,0,79564.29527592604,3,0,26.970639393134395,0,5,0
42,0,46061.68701869236,5,0,9.289930883407003,1,0,0
20,0,44443.215500004095,9,2,11.46373033792483,1,0,0
25,0,40658.061797015966,18,3,4.287951156358083,0,4,0
67,0,80311.07898560326,18,1,32.979597110316405,0,5,1
54,0,120704.95905355364,15,4,30.110995324390316,1,1,1
46,0,38573.87497412352,9,3,58.25587438416175,0,4,0
42,1,35626.93978567491,19,2,54.63469003090716,1,0,0
30,1,131433.30340983788,1,4,8.40934405989948,0,0,0
50,0,74383.40233329641,13,1,52.09536825015686,0,2,0
21,0,85774.52800554111,9,2,44.50500534980961,0,1,1
67,0,73836.86782876051,0,3,35.36949286900342,0,1,0
38,0,132143.26124939328,14,0,42.5463578154867,0,4,1
64,1,74941.7956117692,2,3,49.6318111694496,1,2,0
48,1,66830.40944405562,0,0,17.919245775915137,0,3,0
58,1,133454.93256299823,5,3,58.95310759526028,0,3,0
46,0,50866.35088872482,19,0,59.7415245177397,1,0,1
68,0,104526.14201175993,8,0,42.272521199315904,0,0,0
66,1,117249.51332583917,3,4,7.326121258300759,0,2,0
56,1,106914.44407397883,13,1,58.352680792998875,1,0,1
65,1,131818.16013542656,0,2,14.021245412334773,1,1,0
24,0,35990.42836608693,11,1,3.1960805695904204,0,2,0
20,0,53787.64730156827,12,1,36.51689982549269,0,3,1
45,1,145322.2629253013,16,3,34.37060813713456,0,0,0
40,0,71551.97865869521,10,3,32.60394364195861,0,3,1
49,0,87170.79007941482,3,4,11.359206880442361,0,0,0
61,1,33701.11835401468,6,0,27.852329630933397,0,2,0
36,0,42558.186948246126,9,1,14.157579588490247,0,2,0
56,1,59513.0321612941,15,2,11.061744884995328,1,3,1
64,1,145821.80452985398,1,0,16.27873469647354,0,1,0
25,0,79992.07040121543,20,3,18.696370898085753,0,1,0
29,0,92161.04340929721,12,4,3.725592508896101,0,5,1
26,1,57555.04205819154,7,4,44.99829028720018,0,2,1
66,1,69452.07136615325,12,0,40.177948953567736,0,1,0
46,0,20001.5125181976,4,2,8.372437398957064,1,4,0
56,1,29250.577072546264,18,4,3.9420100131565525,0,2,0
44,1,23308.208787747615,1,0,7.047283422163556,1,1,0
35,1,134345.6411436988,6,0,3.189685877775834,1,4,1
28,1,119388.6133051133,4,1,39.275373193668315,1,5,1
36,0,51446.19767364907,6,3,3.0443918790270077,1,2,1
26,1,26806.15262437141,17,4,20.847229680771655,1,2,0
31,1,79500.94867070823,16,1,43.15917841949622,0,2,1
41,0,40809.312544094486,20,1,47.69041222825027,0,1,0
21,0,87334.86860263527,4,4,33.49073899676816,1,4,1
56,0,21317.05392360664,7,1,24.050918688955978,0,4,0
39,1,91438.8396663522,3,2,56.86593158412039,0,1,0
66,1,111592.07564356789,2,2,27.29581562455804,0,5,0
62,0,139460.4493731421,10,2,21.16318169722971,0,0,0
41,1,119377.29464981557,18,4,33.798809007384904,0,3,1
32,0,79756.43315234597,6,3,23.89544998139646,1,3,1
62,0,139162.58065935696,14,3,40.20100340896799,1,4,1
46,1,22494.995986997368,14,3,56.91996789485297,1,1,0
48,1,122216.1659199243,19,0,8.17471030153537,0,2,0
59,0,130046.86402973614,10,4,26.06221714992699,0,3,0
45,1,65808.74305925507,14,1,22.164894153219826,0,5,0
53,1,95890.46146683452,2,3,31.538368438174654,1,0,0
43,0,145903.5410872699,1,2,5.191207862797133,0,4,0
41,1,66214.09135737646,20,4,4.206537802570766,0,0,0
38,1,39662.08773554149,16,1,58.39780536094132,1,1,1
54,1,21152.227064750958,7,3,44.37982176210082,0,1,0
49,1,21213.11057752213,11,0,18.67382285727894,0,3,0
34,1,121447.51539089462,17,2,58.37882724238606,0,5,1
64,1,21177.041005448227,3,3,27.881911305956812,0,3,0
60,0,137318.92994715943,11,2,10.982980048957856,0,5,0
35,0,39506.32641021795,18,1,17.7440786394514,1,4,1
63,0,116261.89715395748,12,4,44.07768107880907,0,4,1
41,1,52288.91384807402,5,1,6.9752913060293755,0,4,1
37,0,133095.99075419904,14,4,16.15794279684531,0,2,0
53,0,134440.9190793605,4,2,11.344720241234736,0,4,0
37,1,38292.498646338594,9,4,49.334818514042794,0,0,0
54,1,81098.47486053176,6,0,16.521721765527253,0,3,0
66,0,84161.05544421542,12,1,53.746424677091554,0,0,0
37,0,70632.64633731465,20,0,27.09779202496271,1,4,1
59,0,130046.86402973614,10,4,26.06221714992699,0,3,0
49,0,55204.82264480644,11,0,15.674798233646854,1,2,0
43,1,144512.67412846652,18,0,46.98949799618718,1,1,1
61,1,124930.21985743473,13,4,24.029220976431723,0,5,0
58,0,104626.55072962404,1,1,59.88066987793736,0,3,0
37,0,65154.632413649546,10,4,28.063601824384758,0,1,0
51,1,96466.29470329077,3,4,39.81901966111593,1,3,1
45,1,79846.57525625042,3,1,17.280980861274067,0,1,0
42,0,91351.62646005627,6,1,29.413759272942393,0,3,0
21,0,46342.242437594614,0,0,35.046778668316456,0,2,0
19,1,105381.41361415823,14,3,34.479149273370545,0,5,1
41,0,45868.97806472678,6,3,48.91859565027234,0,5,0
56,0,99951.68584505266,13,2,33.19445123314945,1,4,1
25,1,28581.279738231406,12,2,52.575966367442035,1,1,1
39,1,32791.43446274165,18,2,1.137080961783886,0,1,0
59,0,65232.38350568166,11,1,35.29794016377815,0,0,0
28,1,35405.3410677597,11,0,53.44245080521175,0,5,1
46,0,32041.312796677736,16,1,51.422522521520186,0,2,0
61,1,64964.069895921464,15,4,27.222016502618423,0,4,0
69,1,127377.16765205063,12,1,27.625825453480758,0,4,0
60,0,28128.418446569947,18,0,10.839091863488829,0,2,1
66,1,23405.572109168425,2,1,38.295087193023434,1,4,0
55,1,102467.27955331933,4,3,26.881398549862954,1,4,0
50,0,32201.447027036305,16,2,32.43798080471233,1,3,1
21,1,115369.86947298226,10,2,45.434011983600776,1,0,1
19,1,120009.63617337418,9,0,43.91969108588111,0,5,1
43,0,57392.254775678164,10,4,41.15344364028219,0,0,0
49,0,53708.57865255059,20,2,52.80072456747989,0,1,0
39,1,32791.43446274165,18,2,1.137080961783886,0,1,0
44,0,86086.8710991164,16,4,28.9704995823636,0,3,0
58,1,95025.9361849817,18,0,10.14551137758852,0,0,0
61,0,134267.25703669473,16,1,7.962355570543117,0,1,0
40,1,144549.55241551943,18,0,38.180330008335446,1,4,1
45,1,79846.57525625042,3,1,17.280980861274067,0,1,0
25,1,111148.14727427157,17,4,51.140713671224425,1,1,1
52,0,107622.58947764305,19,2,48.29082818242545,0,1,0
47,1,146984.04270638572,5,2,15.016040859498423,0,5,0
22,1,51251.8586761559,4,1,46.09084428609433,0,0,0
52,1,93329.6237483573,1,3,53.42346402294461,0,2,0
29,0,62263.52200612087,19,4,4.270546347532796,0,2,0
55,1,58921.42648831856,18,2,13.107985150350236,1,0,0
68,1,98250.04603196711,10,4,40.686016268080614,0,5,1
37,0,44092.92333873288,14,2,43.924649206578415,0,3,1
25,0,114048.21632050013,8,0,24.864972802662656,0,3,1
68,1,121482.12326532243,13,0,4.535584163943805,0,0,0
31,1,58407.82107206463,8,4,52.846044896938864,0,3,1
28,0,91035.94109012015,18,3,20.38765602931072,0,4,1
43,0,113869.22196635582,12,0,16.379037635143256,0,2,0
64,1,31880.893223130934,17,0,22.753472516233717,1,1,0
27,1,78533.05199857574,17,4,40.66467649827597,0,1,1
68,1,104789.15374091142,11,4,44.06548763786345,0,0,0
50,0,92821.86385003946,20,0,51.33456214270396,0,4,1
24,0,113122.04044814869,16,4,58.58907542777473,0,1,1
23,1,38304.383356047896,17,4,55.85771163519968,0,5,1
19,1,68792.88802954825,14,0,4.168127637359103,0,3,1
51,1,34635.45075355181,19,3,8.297760186211882,1,5,0
70,1,44197.666707935234,4,4,16.593685413651542,1,4,0
33,1,58989.48449590801,16,0,43.98958431669705,1,5,1
25,1,94019.05695369677,0,2,9.779714156572386,1,1,0
28,1,90853.49945660199,8,3,14.193144567767222,1,0,1
60,0,139729.28774255485,11,3,31.352693629690826,0,4,1
59,1,126929.52326994558,19,4,43.92621909049984,1,2,1
68,0,136365.30629184973,6,2,2.947704218119308,0,0,0
22,0,37476.56682305584,2,1,13.2883828340592,0,3,0
31,1,139371.08126780682,6,0,38.71843288726199,1,3,1
45,0,67397.1846656802,5,1,18.333873768605322,0,3,0
39,1,75573.65942967997,12,4,49.08590368389274,1,3,1
45,0,147447.93632248405,14,0,23.55200188085499,0,4,1
46,1,133256.58269419678,7,2,41.685400866460554,0,2,0
57,0,68324.12863230462,15,2,51.60808460137574,0,2,0
26,1,29370.96367982754,10,3,14.11468323167653,0,2,0
44,0,86086.8710991164,16,4,28.9704995823636,0,3,0
54,0,90782.70326403418,19,4,5.19553178459277,0,4,0
35,0,55353.46439672203,4,0,5.8191061271148845,0,5,0
33,0,21964.388947881755,9,1,38.83467684615532,1,2,0
28,0,37455.73061729582,1,1,26.306218610128905,0,0,0
61,1,114517.37901000072,12,1,30.98195957429383,0,0,0
65,0,131483.1038959669,16,0,40.58102833311245,0,0,0
33,0,33082.87220805933,15,2,7.901999736730198,1,1,0
31,1,53740.431812891744,9,4,2.041064450537745,0,0,0
63,1,52182.77013638523,7,3,1.9143962677452282,1,0,1
24,0,77225.86973421377,7,3,53.57027929506548,1,1,1
35,0,107883.41744683117,17,2,23.13086491378265,0,5,0
18,1,149785.17648108344,10,0,38.97946857317181,0,5,1
38,1,117653.14621509436,12,4,30.687570856029332,1,4,1
55,0,21290.09674661863,11,4,54.84336138989204,1,4,1
44,1,109312.50464542156,1,1,45.08693214433347,1,1,0
47,0,85081.15484915432,7,3,18.001706850153127,0,0,0
24,1,63426.49553694,5,3,46.15096092290046,1,3,1
28,0,146829.32611178892,6,4,2.277088119472032,0,3,1
46,0,86625.34434014311,7,1,58.83541126117345,1,3,1
48,0,72923.84358633158,12,0,57.310944038943354,1,1,1
37,1,58130.119401473414,9,0,54.21266473318444,0,3,1
20,1,73223.56933621239,5,4,1.8863299768534114,0,1,0
62,0,60458.274358241164,20,3,43.354364252563784,0,1,0
56,1,73059.71981267075,2,4,10.880758942452507,0,0,1
62,1,119959.96167399333,4,3,30.08088084949156,0,5,0
49,0,57370.016436642516,5,3,1.2780331058122285,0,4,1
49,0,52068.25238781099,9,1,28.00688521280659,0,3,0
57,0,86801.08034687981,7,0,24.02698661112505,0,5,0
51,1,22848.732740751166,11,4,49.936303355604814,1,3,0
28,1,72663.35028858364,17,1,58.931931262079495,1,0,1
19,0,118721.77411433528,4,0,13.845769029135232,1,4,1
68,0,27561.29341571185,6,1,7.049222695440282,0,0,0
29,0,77242.04438788537,4,0,38.94059861886175,0,5,1
23,0,39343.47602266503,13,4,36.77678090200011,0,4,1
25,0,79539.44867046429,1,4,4.368590870083152,0,2,0
46,1,135971.0095622305,1,3,20.38566733120536,1,1,0
31,0,78472.00434677192,5,2,36.73947010073513,1,4,1
29,0,87350.23961104601,18,2,45.28210566147052,0,3,1
58,0,148935.29367541726,10,1,53.99064024438594,1,2,1
26,0,58681.298671446675,15,2,52.66542252758025,0,1,1
68,1,111501.42191246306,9,2,38.01153408360549,0,2,0
39,1,55715.09831753754,16,0,55.67326767932533,0,3,1
30,1,36984.804697050175,16,0,48.24735859073295,0,1,0
45,0,126073.10206592025,19,0,31.120695416631833,1,1,1
50,1,138026.84319135052,10,3,48.37919248528083,0,4,1
69,1,53488.938643383844,5,3,47.053790823435456,0,0,0
64,0,131245.8436577522,15,2,43.83761823768599,0,0,0
47,0,112813.84222585667,9,1,45.22724277887863,0,3,1
42,0,41574.136388452054,16,3,31.73204852840315,0,5,0
61,0,137229.05897760508,16,3,57.06811381043469,1,5,1
55,1,103261.88548285971,10,3,42.4371737857627,0,0,0
25,0,58389.19208433826,14,4,2.5278681447196236,1,5,1
42,1,111726.1621436972,14,0,36.80078085345887,1,0,1
45,1,23275.14381469982,19,4,12.837293318647834,1,3,0
25,0,146360.69285209983,7,3,57.77056169684074,0,1,1
55,0,105042.69819162968,6,4,38.23590464564185,0,5,1
64,1,29477.238597827454,6,1,2.9385451666833844,0,1,0
44,1,135999.3247581548,0,3,36.567936443342546,0,3,0
49,1,128815.34628158221,11,1,54.592485404337566,0,0,0
49,1,145330.19414371406,14,1,51.42582744167155,0,5,1
21,1,122561.22133088094,8,1,55.46695399349658,0,2,1
68,1,121482.12326532243,13,0,4.535584163943805,0,0,0
48,0,78661.11474352845,14,1,41.66170321522348,1,4,1
45,1,20203.463674891478,16,0,31.69148185570925,0,1,0
36,1,27611.620801717298,4,4,18.692581838199832,0,2,0
30,1,105610.26703710713,15,0,11.671596941094846,0,0,0
31,0,112716.8948267403,6,2,36.86390662077785,0,3,1
32,0,80002.47167457268,9,2,41.15307930219143,0,2,1
44,0,99108.54545054065,11,0,57.9048052764074,0,3,1
61,0,120938.1680449642,15,2,8.776602963904082,0,4,0
56,0,38271.885785186896,13,4,42.48878730175373,1,2,0
57,0,138251.486526757,15,1,28.80798585219903,1,0,0
26,0,52560.82684302487,16,1,29.145845285581924,1,4,1
57,0,145451.99802908133,6,3,25.405029318934233,0,1,0
67,1,98751.30242884974,19,2,42.201940305484754,0,5,1
66,0,85078.46425011198,1,0,4.869165286151542,0,4,0
36,0,111998.52151631904,15,1,51.67700861015893,0,0,1
18,0,101206.2639510543,14,2,56.89069996578395,1,5,1
25,0,59608.288082745305,15,1,39.59900725971176,0,0,1
48,1,110029.21609982404,16,1,45.138234405361864,1,5,1
62,1,62288.367422994044,8,0,11.599760984373914,0,0,0
61,1,75731.26272823637,8,4,15.374675591389392,1,4,1
57,1,63103.41087873519,3,3,17.947239530515606,0,3,0
58,0,62665.0579692105,7,3,43.18221658955485,0,2,0
70,1,67880.23896589028,2,0,47.12201035128081,0,2,0
37,0,51457.026941215896,0,1,34.70864729334379,1,3,1
64,1,133283.82444481106,13,1,29.48843113399386,0,3,0
62,1,101074.34117773459,16,0,6.4933222339950145,1,5,0
68,1,137935.35399175787,4,2,40.669349617999465,0,3,0
37,0,102019.83272979125,18,2,26.843285984669432,0,5,1
25,1,137252.2255773895,7,1,31.012353090360662,1,5,1
48,1,26647.599587473094,18,0,1.9033246109874205,0,4,0
33,1,109256.68875403889,4,4,48.7528031217798,0,5,1
61,0,88515.39030851472,7,4,38.23191420294302,0,5,1
55,1,103261.88548285971,10,3,42.4371737857627,0,0,0
45,0,71689.60921187318,19,4,23.581022287748507,1,3,0
36,1,100720.71377219605,9,1,22.32774183948691,0,5,1
34,1,95035.9852754916,14,4,7.82073102607922,0,3,1
63,1,136218.66230102314,4,1,13.569083870752587,0,0,0
50,1,22340.852228059084,13,4,26.3041789742879,1,0,0
39,1,103502.31836767956,19,4,47.40383709815921,0,5,1
22,0,132393.2692379471,6,1,44.12961059922951,0,5,1
53,1,37228.207456440294,14,2,52.88014333839108,0,2,0
19,1,46608.41417744692,12,0,31.686809455641278,0,3,1
39,1,136812.8786077291,3,3,12.526178690067894,0,5,0
64,1,39707.35972401292,13,2,17.190291539022134,1,0,0
66,1,69946.87268815402,10,4,30.7308684974554,1,4,1
26,1,107903.08306980642,7,2,20.97806251764532,0,1,0
27,0,33549.224365085196,8,1,30.115319886299783,1,1,1
52,1,56684.31971011602,15,1,54.36271588218714,0,4,1
46,1,35672.59413247973,0,1,25.494184887381316,0,0,0
26,1,128438.79761008786,3,4,7.0714002121780375,0,1,0
19,0,30199.256121226113,10,2,55.99561688705852,0,0,0
55,1,67779.47489789908,20,1,35.969067931929786,0,1,0
21,1,28796.887047000208,14,2,59.76362529694128,0,5,1
53,1,135718.3478614819,3,2,43.73879500388463,0,1,0
33,1,120972.37240417355,20,1,50.07175324700029,0,4,1
19,1,23144.929305876183,19,2,26.68227072707041,0,5,0
69,0,126312.09288140286,2,4,34.832477695984004,1,5,1
18,1,80939.83551038576,12,3,54.96697905988637,0,4,1
49,1,143685.01870992358,9,2,58.42862740298495,0,0,1
69,1,39168.828471816916,6,1,49.002919988674,1,0,0
18,1,93461.09061885832,9,1,24.97797092125873,0,5,1
43,1,145381.9650071055,13,2,24.579822123059465,0,3,0
25,0,143559.69217478845,11,4,31.580804623321796,1,0,1
57,0,147208.31089058827,5,3,41.69959788096061,0,1,0
59,1,129174.29713263024,2,4,12.34843542608099,0,2,0
26,1,110354.57975161192,9,0,43.22841965823692,0,2,1
57,1,132061.88269544093,19,1,31.33939366469268,1,0,1
18,0,42734.58683287472,12,0,56.13787449168974,0,0,0
38,1,138400.121013709,7,3,41.316255395036066,1,0,1
54,0,81267.3317617614,6,3,35.47935937377799,0,0,0
34,0,84570.40496633305,16,1,30.051703793055808,1,0,1
43,1,43981.91290737312,15,2,2.1268527618698245,0,2,0
44,0,105839.35356117396,8,2,59.051925468401734,1,3,1
60,1,95087.13756455047,16,2,42.38045005831604,1,4,1
22,0,87622.08600039766,2,1,24.942913439816024,0,2,0
24,0,135300.23702720503,13,1,7.063326316337125,0,3,1
27,0,20191.596871220485,2,0,35.20851536484097,0,5,0
28,0,29500.60306351195,18,4,24.652045972546713,0,3,0
27,0,41017.28671080504,16,4,22.173252768637667,0,1,0
69,1,46524.632501756845,7,4,11.263692374077307,1,1,0
20,0,111709.90793685321,0,4,30.840597198283444,0,0,1
54,0,140650.87324238647,17,3,33.15395440790106,0,1,0
52,1,78466.17951857019,18,2,15.770075775501777,1,1,0
49,0,105342.21895309535,19,4,27.689638793187644,0,3,0
65,0,129114.0040062803,12,1,57.814521684269145,1,0,1
56,1,25612.585653611517,12,2,27.452441760953384,0,3,0
55,0,115749.57968352303,10,4,7.630776910013382,0,4,1
23,1,107940.83183942709,0,2,59.04036698686971,0,0,0
52,1,99401.40923984988,12,4,43.66037040215946,1,0,1
45,0,46322.472821480864,11,4,46.43125247889389,0,2,0
42,0,37093.58558673761,8,1,46.26947147342218,1,4,1
38,1,30519.506796662783,4,4,59.89379455227144,0,3,0
39,0,71367.01798949542,3,0,36.02526652133429,0,5,1
51,1,28885.91604029462,10,1,48.26867996333436,0,5,0
22,0,112695.98658246142,13,1,40.893282673753276,0,5,1
20,0,119588.42094958933,12,4,52.761274435389105,1,2,1
68,0,132488.4486581586,1,1,1.2881834951948647,0,5,0
29,1,58153.54701705581,16,2,59.991105424697615,1,3,1
52,1,48869.86319013168,15,2,13.878118728108133,1,0,0
36,1,64278.54165556792,19,1,18.873764905514953,0,0,0
54,0,127471.95676639337,7,3,42.75743924871849,1,1,1
54,0,63075.1109233966,14,1,53.06214200018352,0,4,1
39,1,92857.28202745719,18,1,17.408617885674403,0,5,1
38,0,62927.95843329468,19,0,8.907468764820514,0,5,1
53,0,124637.88098938702,5,4,49.434233603167016,0,4,0
36,1,113965.85941710288,10,0,32.4651933850657,1,5,1
46,1,132847.36971396854,5,4,28.37602526358915,0,3,0
70,1,102196.67997289318,16,1,6.83352721709643,1,3,1
35,0,115250.87657673645,13,1,22.019425478784584,1,0,1
47,0,47559.22711082555,17,3,15.200213793827238,0,5,0
69,0,32893.15294633807,15,1,56.19006464246351,0,0,0
52,1,78281.47719802489,6,1,47.98085529362526,1,0,1
61,0,78319.38202409053,0,2,13.021573665146681,0,1,0
39,0,57167.882601090816,3,2,26.428040002043986,1,2,0
65,0,95397.89236565707,19,2,19.047793982429674,1,3,1
56,0,36321.52791914494,14,4,42.01206914080027,0,5,0
68,1,41547.47137662027,10,0,56.025741934195814,1,0,0
70,1,109222.53556919267,20,4,33.69707140928268,1,3,1
38,0,135492.47740012856,19,1,5.977882889871797,0,2,0
45,1,101410.4617847383,19,4,25.433759360166803,1,2,0
52,0,27302.89005516707,20,4,17.094839669290902,0,4,1
43,0,56404.852841563625,1,1,35.422146693501375,1,4,1
57,1,31518.055858350242,5,4,54.70278264303202,0,4,0
18,1,37124.74054909305,19,3,13.847173585207297,1,3,1
50,0,87926.32354112649,19,3,41.6130998699058,0,4,1
45,1,143075.38476004143,1,1,41.78680439077851,0,1,0
51,1,134071.10606508265,6,2,23.843813175200125,0,5,1
27,0,55132.19997700182,12,4,40.22426145225998,0,4,1
45,0,145586.17566672806,13,4,44.05646018284719,0,2,0
19,1,100768.01837644931,11,1,46.00802623844226,0,1,1
69,0,26738.653885564774,14,1,32.23404665950447,1,4,1
21,1,120794.99955240762,10,0,7.630770005200024,0,2,0
67,1,38456.358668929206,18,1,51.337372923210225,0,0,0
23,1,75968.81400008698,11,3,31.0242300552805,0,1,1
32,0,124770.30201529076,5,4,47.55667058727664,0,0,0
44,0,135525.68043450182,3,0,13.961245869173753,0,3,0
65,0,143121.7867241075,19,2,59.53241111089002,0,2,0
64,0,63577.04615821345,20,4,25.65515580043897,0,4,0
19,0,149523.46389154217,5,3,13.579031951958969,0,4,0
51,1,61286.28338394516,4,0,15.05435669306135,0,0,0
26,0,129928.56718868788,9,1,28.90644502819101,0,3,1
48,1,129069.6526033414,7,3,43.19306983185936,0,5,1
66,1,72194.26106196747,7,0,58.80840858747535,0,3,1
51,1,22848.732740751166,11,4,49.936303355604814,1,3,0
31,0,102692.4860332405,0,0,40.28401883145989,0,5,1
20,1,22001.3359198701,7,1,23.36134415751377,0,4,1
55,1,95460.78812918048,20,3,48.540071179306544,0,5,1
61,1,79579.08339872534,5,2,3.452031048063255,1,4,0
54,0,50209.96199728622,2,0,4.68630592011143,1,1,0
20,1,69051.34701521507,4,2,6.361715763809254,0,2,0
36,1,52616.09593984332,15,3,18.275959137492958,1,5,0
62,1,77920.41303644583,20,1,24.278516627601014,0,4,0
63,0,71874.59129351651,10,2,43.54624261077121,0,1,0
61,1,114703.78803100971,14,0,14.350362714484614,0,4,0
69,1,98875.12421326674,4,0,2.2424092298228824,0,5,1
22,0,112331.5638210305,13,1,54.26921338249686,1,1,1
68,1,103955.40564517678,7,0,11.15965128599435,1,1,0
64,0,91064.2686244125,7,0,5.52072171753996,1,5,1
27,0,52903.200093349136,3,0,8.81566828705343,0,3,0
20,0,83318.04944646166,2,4,16.050512537110386,1,0,0
38,1,27511.472929527663,4,0,9.241849983573381,0,4,0
47,0,85963.55203331515,5,0,37.0446568615252,1,0,0
50,0,29330.854809446693,7,2,45.47232392065809,0,2,0
59,0,115477.71116982689,18,2,49.05934751469666,0,4,1
70,1,124576.83699833565,3,4,8.41132117621792,0,1,0
57,0,138251.486526757,15,1,28.80798585219903,1,0,0
33,0,92992.99643473809,11,0,29.504944088364468,0,3,1
37,1,112875.14132926149,1,4,20.06846074158527,0,1,0
28,1,20496.589945615804,9,2,36.85345282199785,0,0,0
30,1,55849.7838726764,5,0,55.04016278815807,0,4,1
18,1,87934.95791377687,6,0,59.96860575795223,1,4,1
66,1,99768.53485086959,3,4,29.957807774814526,1,1,0
19,0,124905.51381491916,13,3,48.69311152738636,0,2,1
27,0,146299.2498171366,8,1,1.5906142229890494,1,5,1
43,1,25514.89876689592,20,4,57.76955670040149,1,4,1
64,0,98493.4088834204,5,0,24.97869391912613,0,1,0
65,1,141786.92006430193,11,4,56.081246904394675,0,1,0
40,1,56238.78341389189,2,3,19.349413216582356,0,1,0
25,0,75390.83990574829,20,2,2.4740608546291174,1,0,1
35,0,132680.14608578006,13,0,43.77094065365753,1,5,1
26,0,82665.33755457072,11,1,34.729053822634576,0,3,1
23,0,85899.6569350385,13,2,10.258119050196402,0,2,0
45,1,147010.90407706265,2,4,52.76703337831367,0,3,0
34,1,111921.24204467075,11,3,3.9260169849850812,0,3,1
54,1,120311.498427219,9,0,51.22440887436156,1,2,1
36,1,130992.03982160671,16,3,50.00751011647927,0,1,1
67,1,119033.76487910064,12,0,41.7200931656556,0,2,0
21,1,38492.417929335505,15,0,30.14476979927109,1,2,1
64,0,35098.06482606833,7,4,12.47334763175651,0,5,0
23,1,21434.064375724138,18,3,52.30737100620344,0,2,0
54,1,66425.75070906537,3,4,40.202588768502316,0,0,0
64,1,74941.7956117692,2,3,49.6318111694496,1,2,0
50,0,137836.86893477343,9,2,54.02139439160717,0,1,0
62,0,76169.99478274549,12,3,10.731107584311133,0,4,0
32,1,143039.34670955272,12,2,36.29306249637319,0,2,1
66,0,130794.3036708536,16,3,23.61988395428791,1,4,1
19,0,149570.59100088698,19,2,21.76385647317483,0,2,0
64,1,146645.27769612643,15,1,49.29700059201337,0,2,0
54,1,66425.75070906537,3,4,40.202588768502316,0,0,0
21,0,71115.37613362989,10,1,36.259178265015166,0,4,1
52,0,87393.04285287653,2,4,46.699752907287525,0,2,0
65,1,141786.92006430193,11,4,56.081246904394675,0,1,0
40,0,91234.73356658008,10,1,50.46557864743921,0,1,0
29,0,96782.9184193029,6,0,48.75622181930608,0,5,1
62,0,89021.8981935722,3,3,30.679581105864262,1,3,1
25,1,63184.8343050286,16,0,9.158707230880115,0,0,0
25,0,79539.44867046429,1,4,4.368590870083152,0,2,0
47,1,125446.09009135122,4,0,16.096479907920553,0,5,0
31,0,59425.76918378742,8,3,44.47276088933874,0,3,1
50,0,64894.45379183542,18,4,26.483193337603897,1,1,0
32,0,144744.96376173434,18,1,58.02697619475345,0,5,1
66,0,59379.04474831504,10,0,32.29502899930732,0,1,0
41,1,27356.13529907303,15,4,39.25883993670465,1,4,1
56,0,29322.54555019463,16,4,44.93122158182148,0,2,0
46,0,142940.7591100367,12,4,22.60067395779632,1,3,1
40,1,61115.11946480988,11,1,3.1219796165913554,0,3,0
49,1,138198.62676200282,19,0,58.12432161091142,0,1,0
21,0,119595.0712634262,14,0,44.35094686996532,1,4,1
64,0,103828.23852290079,12,4,53.00320960707175,1,2,1
58,0,115925.0480284988,16,2,4.154064043684271,0,2,0
53,0,55997.58335911516,17,2,13.401326154411937,1,1,0
47,1,41550.69022122584,12,4,55.578808830376246,0,1,0
39,0,59512.526593153554,0,4,9.735525809840949,0,5,0
37,0,105404.17031472814,1,4,27.04873147358932,0,4,0
68,1,145254.90131538647,15,1,30.607402156890146,1,2,1
69,1,76790.59133997334,4,2,32.93305465159598,0,1,0
19,0,113383.05279836051,16,2,23.566583174373065,0,1,0
60,0,105455.95268211671,2,4,44.872548536076444,1,1,0
44,0,49607.465693417245,5,4,13.334429598071104,0,5,0
22,1,106640.19617848864,10,4,59.81165504805239,0,5,1
70,1,44197.666707935234,4,4,16.593685413651542,1,4,0
43,1,131584.4179838857,15,4,28.294007892161723,0,2,0
63,1,92623.51153855529,13,3,55.138441079452114,1,1,1
42,0,71281.9162141046,9,4,5.567281567100284,0,0,0
40,1,58549.62556739518,8,4,21.695879757608417,1,0,0
45,1,124468.45960739958,11,4,2.8492174626731366,0,3,0
36,1,60218.45332216167,1,0,15.368171995072641,0,4,0
43,1,54787.04797463629,11,3,45.10326526436613,0,3,1
62,0,29221.188097390546,14,1,39.32303455761597,0,5,0
56,0,147878.26028424376,16,1,58.394828397730194,0,2,0
46,0,33178.47668191069,8,3,51.180187466646935,1,2,0
25,0,117289.96545791008,6,2,48.329977521315534,1,5,0
25,0,83421.02571042711,14,1,27.003603423971548,1,5,1
32,1,140405.22889613165,9,1,21.015003091203152,1,2,1
34,0,45300.92653669946,11,3,38.280929395566226,0,1,0
19,1,120604.35524492033,12,3,11.318152235496896,1,1,1
50,0,64894.45379183542,18,4,26.483193337603897,1,1,0
62,0,58974.068583480665,3,3,29.008546500564563,1,3,0
20,0,44443.215500004095,9,2,11.46373033792483,1,0,0
52,0,77639.40186929441,20,0,43.76243152254478,0,1,0
58,1,109475.65065143081,14,0,2.045117185953952,0,1,0
58,0,28497.60048337008,11,2,28.328766742226307,0,0,0
30,1,105378.28825169241,9,4,5.2709744975943105,0,5,1
28,0,105716.00988675175,16,0,26.48737291634301,0,4,1
54,1,60542.30152919482,6,4,43.42214714661058,0,4,1
19,1,24590.47614223108,1,3,14.971057541914627,0,5,0
33,0,32750.735501951796,0,3,53.69371073802588,0,5,0
60,0,28149.650810842562,10,2,31.93458136206714,1,4,1
68,0,133531.979061905,3,2,10.591111149953491,0,1,0
41,1,53632.51348020732,15,4,10.418332649632967,1,3,1
33,1,139349.95178588957,12,2,55.10752998871898,1,0,1
34,1,20418.37426855623,9,1,54.45995479214512,0,0,0
36,1,64278.54165556792,19,1,18.873764905514953,0,0,0
57,0,42634.21359343096,11,0,10.75978897557615,0,3,0
67,0,102703.05741207025,19,0,11.192648618526384,0,3,0
29,0,21574.10178053537,14,2,45.46949041716565,0,4,1
37,0,122360.31347780327,17,3,10.067364012627563,1,5,0
34,1,68252.41504689158,20,2,46.729826220008036,1,1,1
53,0,100904.624400242,10,1,18.54620659165739,0,4,0
64,0,36992.34897622593,1,3,43.522781609574054,0,2,0
22,0,58834.3245665405,10,2,45.03876997058109,0,2,1
64,1,100546.43413671784,20,1,45.223188289044025,0,2,0
51,1,142554.1614822346,18,3,46.263072388494585,0,1,0
39,0,61452.68638174805,11,3,50.29687324807874,1,1,1
56,1,40079.76713903209,0,0,9.355417454210416,0,5,0
20,0,31607.638188324483,19,2,38.20280582364252,0,0,0
40,1,75588.17338143385,11,2,2.061299762770872,1,1,0
43,0,25706.992543590666,0,1,5.297872555166785,0,3,0
61,0,145556.8809499186,13,4,17.23503663679601,1,3,1
68,0,147528.35916114907,5,1,32.02044986431031,1,4,1
45,1,148444.67560022694,13,0,42.42724914661733,0,1,0
18,0,33697.43989261134,9,1,14.723627866776601,0,3,0
28,1,118670.68672785103,19,3,56.17435577022065,0,5,1
70,1,40803.24174021522,3,3,51.067786562028004,0,5,0
26,1,84856.43638967245,7,4,48.1105703328951,0,1,1
61,0,118307.76981352299,20,3,29.547148231960172,0,4,0
69,0,27519.778428130878,6,1,39.46021752520875,0,5,0
34,0,133648.92820907285,4,3,1.0748165380139245,0,2,0
56,1,95714.94556694204,7,0,31.282369769656093,0,2,0
21,1,68691.87531261577,17,2,32.9310221805066,1,4,1
25,1,76266.080287231,10,0,19.039611523230107,0,0,0
47,0,108350.64325556402,16,4,44.03551147486589,0,4,1
32,1,77122.64866027879,14,0,8.35228872815836,1,1,1
53,1,51290.052538225646,2,1,13.879883596879225,0,3,0
18,0,96386.16324422225,6,4,38.915048177444966,0,4,1
34,0,37397.68718996011,3,1,10.656864160053944,0,5,0
69,1,134136.66165785905,0,1,26.768711252977425,0,4,0
26,0,77709.52908582913,1,2,27.406627079970352,1,1,1
48,0,129003.93839959323,4,4,53.7567473583777,0,2,0
20,0,127256.42332340807,20,1,30.50200101860687,0,3,1
28,0,27494.185685873235,11,1,45.9842267944069,1,0,1
22,1,124870.1575603161,0,0,4.228136315184757,0,0,0
39,1,71019.5642098324,19,3,28.97202247469375,0,1,0
26,1,128438.79761008786,3,4,7.0714002121780375,0,1,0
41,0,139958.43476674127,18,3,32.81227369130434,0,3,1
38,0,49299.56484087955,8,3,49.249517404775744,0,0,0
48,1,102674.1119312847,3,2,25.017529983359832,0,0,0
69,0,103425.47164881257,3,0,40.66728178962483,0,5,0
19,0,54950.95686968516,17,4,27.7986507661496,0,2,1
18,0,37122.953715282165,5,1,51.4128499079388,1,5,1
55,1,65884.60544880635,3,2,38.10351552038501,1,3,1
50,0,115876.0867296709,10,4,53.80951699054886,0,4,1
28,1,110430.3590445849,6,1,42.828891760302874,0,4,1
64,0,72557.66714313297,15,3,55.609397542226034,1,4,1
63,0,76497.47491163254,17,0,59.621112196333904,0,1,0
44,1,90784.60468350246,15,0,46.44349717334252,0,5,1
23,1,68006.50012802033,18,0,40.55635325166805,0,4,1
63,0,23531.764759322778,8,0,49.00890597468117,0,2,0
39,1,22203.19643564553,3,0,37.358198310506125,0,4,0
68,1,137794.43027722463,4,0,41.775246333177215,0,3,0
22,0,69899.05479584733,19,1,3.7862677131905342,1,0,1
20,1,119999.00921895738,12,0,12.603366711028128,0,3,1
26,1,144157.86649304855,18,0,7.185309085153488,0,1,0
18,0,46262.0368923237,19,0,32.655010895213444,0,5,1
58,0,62665.0579692105,7,3,43.18221658955485,0,2,0
27,0,56955.632080577176,3,1,50.36705148248336,0,0,0
50,0,46634.565639592634,13,1,9.218837983766944,0,2,0
64,1,59812.97070225952,12,0,20.700245820066684,0,0,0
37,0,84773.23869424897,2,4,8.540898817262581,0,2,0
42,0,96535.09787707157,13,1,56.918405339896744,0,4,1
53,1,83384.25517753996,17,1,29.72286450453297,0,5,0
39,1,67538.49727397827,19,1,26.848587410964416,0,3,1
18,1,54456.03568225052,13,4,4.271268906526643,1,2,1
62,0,122297.44021318837,12,0,20.01716464369607,0,3,0
26,0,103707.55296034699,17,1,12.223447918388116,1,3,1
42,1,100218.64709531417,7,3,55.31706006593577,1,3,1
22,1,114814.82323143953,16,3,38.04396573412399,0,0,1
30,1,71294.88982769403,2,4,29.53775856566084,0,3,0
53,0,137989.43033235215,16,0,41.22534436951882,0,4,1
23,0,88561.95087594792,17,2,57.82255372297035,1,4,1
39,0,115006.72544749487,9,2,2.665496819391676,1,1,1
23,0,22485.092275869323,10,2,31.83985778998846,0,3,1
58,0,21580.380292060287,7,3,7.80877459955008,0,1,0
59,1,52058.4725471432,19,1,25.939451602103194,1,2,0
31,1,124452.756628595,5,1,14.5933092193593,1,2,0
69,1,53488.938643383844,5,3,47.053790823435456,0,0,0
53,0,139699.65910023646,6,1,48.718785418368945,0,2,0
41,1,114440.02296469062,12,3,6.637987133541778,1,3,1
25,1,126914.90857687619,15,2,56.511914474147595,0,2,1
50,0,149406.87710487028,13,4,12.504807513740166,1,4,1
58,1,20175.97134301086,5,1,31.687956019296408,1,1,0
41,1,30478.196788426205,2,2,36.26031395226512,0,3,0
65,1,102495.71428153949,16,0,1.8480041548888808,1,0,0
51,0,144345.1817789324,20,3,15.949384530930734,1,3,1
48,1,112211.70770143924,2,0,45.11433032677228,1,0,0
69,0,84247.618142539,9,4,48.33270157487173,1,2,1
30,1,116446.52250463296,12,4,49.26814593098315,1,2,1
50,1,88040.81847866764,17,4,2.455527317888742,0,5,0
44,1,75891.04006071926,19,0,12.243986744514437,1,5,1
41,0,61179.018018778464,11,4,40.37257913039391,0,5,1
68,0,99988.74325907427,7,2,45.98950822875655,0,5,1
52,1,142725.47219730171,15,1,12.36877458688511,1,5,1
49,1,87244.97733740922,13,0,24.027437285553457,1,3,1
35,1,132525.02893119177,4,3,59.51807575535419,0,3,1
20,0,97867.20606303737,6,4,7.6086910710241344,0,3,1
41,1,77725.68739628638,1,2,52.22398147095976,0,3,0
40,1,122134.71035043016,11,4,37.69686661553857,1,0,1
49,1,70898.34076311781,12,4,25.716824212307717,0,4,0
70,1,30423.401830647446,16,4,1.2336366377164225,1,5,0
19,1,132592.4323695199,20,3,25.88796029583655,1,5,1
23,0,142301.98766540404,6,4,48.59991040787252,0,5,1
41,1,65461.419866960445,0,1,50.12893103461578,1,0,0
35,0,89983.15262324274,11,1,38.53188639595587,0,2,0
22,1,58552.78858677099,16,2,23.8698528869451,0,2,0
56,0,61794.441162224655,20,2,53.1083901224929,0,2,0
19,0,49954.16607525549,20,2,6.822428437835316,0,2,0
28,1,66413.81471610158,8,1,14.412002193131618,1,0,1
68,0,74443.13147964099,8,4,8.388571512096057,0,4,0
48,1,139273.15960715874,8,0,6.339282354656138,0,5,0
19,1,100078.10853382328,11,0,54.84369658610351,1,0,1
28,0,28430.967282785885,4,0,15.378784502356217,0,3,0
26,0,21484.337849029573,9,3,19.582171653206807,1,5,1
32,1,48084.96372624795,16,0,49.19652708074593,1,2,1
31,0,102732.17812384291,5,3,34.37877953818318,0,3,1
63,0,124000.45262927859,10,1,1.57698343803995,0,3,0
40,0,49200.02953970075,1,4,6.120194289834439,0,2,0
58,1,103739.39879186907,10,3,20.240257341688814,1,4,1
38,1,57705.9191551168,5,1,50.67702815543535,0,4,1
65,0,28964.542126334753,10,2,18.168963984315123,1,0,0
56,1,65346.66941603231,1,1,42.76851402865969,0,3,0
27,0,33327.07532864168,5,3,22.436031753087214,0,5,0
42,1,120508.4436094273,20,4,27.334920186365633,0,3,0
59,1,110170.34747159338,12,0,26.141219887376646,0,2,0
31,1,143693.79232298234,9,1,5.32504326870947,0,4,0
62,0,79728.07989277826,0,1,31.25728638367338,1,2,0
68,1,128657.37062836708,15,0,35.70047869704629,0,3,1
23,0,80098.42293007893,16,3,18.668005712121023,1,5,1
25,1,43949.2291009434,14,4,51.736502136821144,1,4,1
52,0,112018.56263986992,11,4,48.231630202478115,1,3,1
47,1,58647.802739953375,6,0,47.64348560877816,0,5,0
49,0,33246.10311348178,14,1,3.37659709730484,1,1,1
36,0,127701.00892838521,10,1,53.35905975439678,0,1,1
68,1,137935.35399175787,4,2,40.669349617999465,0,3,0
26,0,109980.97442023715,4,0,34.79287144435012,0,2,0
61,0,118307.76981352299,20,3,29.547148231960172,0,4,0
35,1,89415.77143120929,15,2,1.6225465721381322,0,2,0
24,1,126755.77673152945,6,1,16.808622256304027,0,4,1
67,1,38456.358668929206,18,1,51.337372923210225,0,0,0
34,1,102767.05868173695,12,3,57.28226839905812,1,5,1
30,0,85709.16532835849,5,3,10.65337283581075,0,5,0
36,1,135712.6145738951,15,3,23.652873525345157,0,5,1
64,1,63629.35905507955,18,1,23.779852141411574,1,4,1
27,1,32549.481125407307,19,1,19.970447521462106,1,3,1
34,0,20679.849760578654,15,3,25.408655882691793,1,4,1
20,1,148048.65529831377,15,4,21.1466949898981,1,2,1
28,1,20496.589945615804,9,2,36.85345282199785,0,0,0
69,1,74463.21272437181,3,1,21.940940857112956,0,2,0
42,1,123123.97555697308,6,0,49.27058928654028,0,1,0
50,1,49158.15282705586,13,3,32.589386795176594,0,2,0
69,0,32088.78317700718,14,1,9.473661306060158,0,1,0
59,0,51043.507479600106,12,1,40.668547790929026,1,0,1
65,0,73442.42833809185,13,1,55.866200050371056,0,3,1
29,0,111152.08200673376,10,3,7.327563176254918,1,2,1
46,0,94330.40576628188,6,4,45.6358108663482,1,5,1
62,0,97786.47295870865,9,2,27.76079576729531,0,1,0
38,1,94558.76368922452,19,1,43.90883975669361,0,0,1
47,0,78545.62725770364,7,3,5.656861447266327,1,5,1
23,0,51446.12823467559,1,1,9.836850769173259,1,0,0
37,0,122519.94540741283,5,3,21.341416247092575,0,5,0
52,0,25838.46886943006,9,4,2.019994641038429,1,0,0
50,0,100181.86902083035,0,1,24.706994057500015,0,3,1
48,0,35383.70482004035,10,1,53.03655775329584,0,3,0
51,1,85676.88056496296,7,2,8.04748415389286,0,5,0
66,1,77089.47616238728,3,4,51.09358179153721,1,2,0
33,1,33246.01044858176,13,4,39.84557612724547,0,1,0
69,0,83842.44481981147,15,1,28.349533655234126,1,5,0
50,0,84002.31240015365,2,2,44.23976972015001,0,2,0
22,0,123245.65306602095,14,3,2.0933427820656636,0,4,1
30,0,58066.864771125416,5,0,20.80526163792766,0,2,0
50,0,136032.5695732417,3,1,36.50775456934982,0,1,0
65,1,124661.74140443615,11,1,14.46178891130344,0,3,0
61,1,39763.23090672425,5,0,19.108933305892723,1,3,0
70,0,119425.2741173894,4,3,45.35588065466813,0,5,0
47,1,61817.09865574132,12,4,8.696633186673465,1,4,1
38,1,41703.90153713583,9,3,57.627243399825176,0,4,1
59,0,69454.6009759831,14,4,57.93078748860773,0,0,0
59,0,24682.44637788543,4,3,45.1082305578671,0,2,0
41,1,102836.19198507645,6,2,2.130905363973689,1,5,1
24,1,69282.2263273517,16,4,10.995921723501572,0,2,0
45,0,122766.27325573505,16,1,38.295223278492365,0,5,1
50,1,24369.768023826742,3,3,56.15868974671601,0,5,0
43,1,68865.47706895001,14,2,37.5651234150024,1,3,1
60,0,111906.9433692431,15,4,9.568276174999694,0,0,0
51,0,49383.769716079965,1,0,29.718311852786616,1,1,0
64,1,116317.52729976928,8,3,50.62533122739333,1,3,1
31,1,34265.70582807546,7,1,16.363783418486598,0,3,0
55,0,74153.55770269799,12,1,7.286523585750666,0,5,0
64,1,55242.51298932855,0,2,56.05158153090256,0,5,1
32,0,87474.19641684134,13,4,26.821131856798523,0,5,1
45,0,112826.85403915647,3,3,24.12788458945976,0,0,0
26,0,75855.38565606155,2,0,16.88219462892501,1,2,0
22,0,121637.10223484163,2,3,7.814846103231505,0,5,0
64,0,22512.592019288135,3,3,58.511420761804374,0,3,0
69,1,74463.21272437181,3,1,21.940940857112956,0,2,0
52,0,80332.3707289555,4,1,52.55388673477296,1,5,1
20,0,83318.04944646166,2,4,16.050512537110386,1,0,0
61,0,44075.42382277083,18,0,55.75283996703348,0,0,0
54,1,105362.03958202389,11,3,9.4279085479235,0,1,0
64,1,84680.1807789933,2,2,34.02794760860609,0,1,0
65,1,67090.60741479749,12,1,41.6976835914591,0,1,0
23,0,107292.2893267369,10,4,32.34086176235618,0,0,1
18,0,47643.7689282425,15,0,7.2696883827513545,1,5,1
19,0,137376.34937495834,12,4,7.494351850682374,0,3,1
20,1,122036.60702449078,17,4,38.46085407694688,0,3,1
36,0,49670.59725418089,19,4,35.820075645334896,0,2,0
45,1,145322.2629253013,16,3,34.37060813713456,0,0,0
20,1,134117.9101597653,10,3,31.6936856697375,0,4,1
41,1,64051.884414037704,18,0,16.152972225785927,1,0,0
46,1,108414.54510810644,8,3,18.25838620012083,1,0,1
34,1,134420.37592979305,15,3,19.720050042778414,0,3,1
41,0,28476.596863863968,2,2,13.809090538723531,0,5,0
36,0,68244.68199591662,19,2,1.5557715023742742,1,3,1
24,1,76888.40612720096,15,2,39.962906891353704,0,0,1
51,0,34832.45203543134,14,2,29.297880707923028,0,0,0
22,1,104911.1627690668,6,0,27.393682391331915,0,3,1
55,1,127216.62085511099,16,1,47.92198309381337,1,1,0
53,0,20715.753890854707,11,1,23.981445530779112,1,5,0
24,0,98139.64168403028,11,2,37.69426729164584,0,5,1
69,0,126181.33064573268,1,2,4.216201504740693,0,0,0
62,0,25060.89523233677,13,3,26.599394860643287,0,3,0
18,1,128120.61567785055,10,3,31.984079752586073,0,0,1
50,1,39521.97010621542,6,0,13.846005081293077,0,2,0
32,1,144193.50924551068,18,0,36.533121840258175,0,3,1
60,1,122703.95671991797,20,4,36.57068007372068,0,4,1
45,1,120618.87915985913,12,1,17.93222116882105,1,5,1
26,0,21175.000980307985,12,1,15.42788613607366,0,5,0
47,1,54762.26362148037,9,3,53.36497255585841,1,4,1
57,1,54355.91421062311,12,2,45.6741580612362,0,4,0
27,0,33327.07532864168,5,3,22.436031753087214,0,5,0
49,0,57601.82035644509,7,3,19.670820015474,0,5,0
55,1,76809.46513653072,3,4,31.50337070937281,0,0,0
54,0,122568.07078970314,2,1,51.94985137690028,1,1,0
52,0,28664.765272889694,16,3,47.54669441298389,0,5,0
57,1,31518.055858350242,5,4,54.70278264303202,0,4,0
49,1,70898.34076311781,12,4,25.716824212307717,0,4,0
58,1,81820.98487328747,14,2,55.25845957365638,0,0,0
41,1,27551.95377044547,14,4,7.884658076218089,0,2,0
57,1,50546.542649473864,12,3,26.222945897966326,0,5,0
48,0,61203.05641284551,13,1,24.81392782092393,0,3,0
29,0,139539.03320528648,11,0,34.92915472603948,0,4,1
54,1,47391.64530273641,15,1,53.26940475216208,1,4,1
18,0,147548.68513293687,6,0,52.66998979269017,0,5,1
60,1,131349.8390872305,12,1,36.54402548182512,1,3,1
54,0,93452.8590716721,2,2,17.01442099228714,0,2,0
21,0,84513.637874707,14,0,38.11966320424883,0,5,1
56,0,60865.51471388729,2,0,42.10853408118886,0,4,0
66,1,90659.96825454399,7,2,50.89288340584086,0,5,1
35,1,53775.71713685445,18,0,24.398843888793454,0,3,1
64,1,121448.89606422745,18,3,36.7212246330152,1,4,1
54,1,117167.77285757022,3,2,19.036426012818826,1,4,0
27,1,55283.21945807287,10,2,16.841790117917284,0,0,0
24,0,101106.458717913,16,1,16.0012904983469,1,0,1
64,0,64250.32355308574,12,0,19.609567084262327,0,5,0
66,0,124009.22593089074,7,4,52.24461701636442,0,0,0
18,1,95046.27380030706,5,0,30.992973766310943,1,2,1
47,0,95178.79192464688,19,0,27.928392943033035,0,5,0
20,0,129291.393641456,11,2,56.489334712267635,0,0,1
31,0,35780.23436072284,20,1,14.162093737209517,1,0,0
44,1,146500.16118640327,13,0,16.025039499514364,1,2,0
63,0,124000.45262927859,10,1,1.57698343803995,0,3,0
60,1,99682.14572428832,19,3,22.588058618450646,0,5,0
36,1,20567.22505454018,13,3,28.83022724658136,0,0,0
42,1,141860.44864462546,15,4,49.20931885083891,0,1,0
55,0,45752.69225876621,3,2,43.179007846560026,0,1,0
19,0,106658.0622760605,19,4,1.2309322383880477,1,5,1
22,1,25463.207772282687,2,3,43.64335188463694,1,4,1
61,1,118945.79981561055,4,0,19.62754665645883,0,0,0
47,0,85081.15484915432,7,3,18.001706850153127,0,0,0
65,0,56305.891499073354,11,2,36.669872505236285,0,4,1
23,1,45458.300937455104,3,3,33.410255545974884,0,3,0
41,0,84539.94980618896,15,0,2.7210236451538545,0,3,0
45,0,31022.96208595442,16,2,55.34748893066967,0,2,0
39,1,53820.51282506665,8,3,23.541179068152363,0,2,0
29,1,110297.4055429271,19,1,20.528524908600776,1,3,1
21,0,58640.91500212024,17,0,3.2449015202953637,1,5,1
61,1,47194.11050303062,3,3,47.76886179811329,1,2,0
70,1,67880.23896589028,2,0,47.12201035128081,0,2,0
54,1,96629.01863301064,10,0,42.63978401118211,0,3,1
47,0,47559.22711082555,17,3,15.200213793827238,0,5,0
64,0,38477.826093149495,17,3,6.394149862840845,1,1,0
42,0,74528.23921445076,19,4,4.805544762507147,1,1,0
48,0,61203.05641284551,13,1,24.81392782092393,0,3,0
25,0,45905.14374068411,20,4,41.711523612498624,0,1,0
61,1,33701.11835401468,6,0,27.852329630933397,0,2,0
63,1,130496.79829248606,1,0,7.11456686236694,1,4,0
32,1,88855.76411293058,9,3,31.749249769898714,0,5,1
56,0,24773.77712510675,7,2,22.245878216144682,0,4,0
49,1,98244.60665272188,14,4,31.37226986105493,1,5,1
41,1,112640.77330280667,5,3,6.8860499044677015,1,1,0
33,1,92502.14741250571,8,3,40.649165968651566,1,0,1
21,1,123108.57361957613,11,3,3.456997318058839,0,1,0
38,1,129766.42075615008,14,1,41.52954466520711,0,4,1
35,0,106630.10376516684,8,4,54.55729721423304,1,1,1
53,0,143788.8321406873,0,3,8.341618268858557,0,1,0
49,1,74308.92730576296,13,1,56.13079279370831,1,5,1
19,0,120829.54062029257,20,4,17.138979711114278,0,0,0
52,1,144359.90074084955,9,4,8.70968519438248,0,5,0
55,0,25686.07940016316,15,2,23.929225790819064,0,3,0
22,0,69652.15315487646,2,4,13.131667774261123,0,1,0
43,1,119783.79170732938,10,1,31.62227992113479,0,5,1
22,1,117323.880436406,18,4,42.65313069699829,1,1,1
68,1,117945.62989340597,13,1,47.2799342708956,0,2,0
59,0,138961.70889291563,13,3,21.158799855288795,1,1,0
46,1,31968.70819072181,16,0,15.333776339535593,1,1,1
53,1,147921.71121736034,10,3,22.239552707964414,0,0,0
37,0,48326.03205314871,14,1,40.65109988981635,1,3,1
62,0,122297.44021318837,12,0,20.01716464369607,0,3,0
70,1,34883.39294856766,18,1,23.37772011192513,0,0,0
67,1,136028.02769413,20,2,11.230367906161042,1,4,1
30,0,51183.634658272815,17,1,27.74278018454626,1,0,1
45,0,71367.90662436142,9,4,27.40251462081527,0,3,0
70,1,52791.332622537004,1,1,11.821994966379407,1,3,0
46,1,71476.16144611913,18,1,36.36215664101236,1,3,1
66,1,40038.855613203326,4,1,52.41782396368591,0,1,0
46,1,118054.44653511295,6,1,1.2422659709494588,0,2,0
21,0,59545.83355271651,10,1,12.087631514553928,0,0,0
55,0,70438.27879309304,14,1,36.464378876381865,1,5,1
31,0,96846.93942360714,15,4,37.03317499903258,0,1,1
39,0,141979.62639830273,3,3,13.417120658415522,0,1,0
49,1,138198.62676200282,19,0,58.12432161091142,0,1,0
49,0,34043.348036989875,9,3,6.2995056361106805,0,2,0
58,0,134850.4191881879,12,0,33.37801169651769,0,3,1
31,1,47872.8427891114,5,3,40.87766474698243,1,2,1
47,1,145165.34641962335,2,0,12.150153938299331,0,0,0
25,1,96745.19975964047,5,1,37.82269178269361,0,0,0
45,1,46170.57401691632,9,2,27.36023691398448,0,0,0
41,1,112003.77553477857,18,0,12.183775003679488,1,3,1
42,1,68609.73611166577,12,3,23.396362030451606,1,5,1
20,1,123037.36511748983,10,3,48.13796516223066,0,2,1
41,1,64051.884414037704,18,0,16.152972225785927,1,0,0
32,1,43609.81580835834,12,4,40.32502407533764,1,5,1
61,1,83180.06419368839,8,3,20.33708632787156,1,3,1
66,0,69966.15500813753,7,1,14.801446425983707,0,3,0
65,0,124199.82454478864,14,3,59.69172231986046,0,5,1
62,1,86645.11790885688,6,2,58.72151765295762,1,1,1
36,0,27738.21104521032,1,0,22.334831787097983,0,0,0
28,1,91055.02846419833,20,2,47.96194028643584,1,3,1
42,0,74762.24692822936,15,3,21.370608571366134,0,2,0
25,1,141280.23213405738,0,4,18.041525454173296,0,1,0
22,1,69467.30228308629,20,2,22.847290920037747,1,0,1
68,0,52087.1029962473,2,0,59.01984600717378,0,3,0
66,1,141127.98352626612,0,1,1.1288644285776774,0,3,0
28,0,143620.71728533128,0,4,25.581526207411283,0,3,0
25,0,99811.36601880802,4,2,13.38516469913504,0,4,0
54,0,86646.80437433414,10,0,12.741666370496109,0,2,0
39,0,143600.45200507395,19,1,5.721077915703081,1,5,1
43,0,144286.12866955128,5,4,38.391491144229846,0,4,0
56,1,69481.02815195541,17,0,11.065466352677015,0,0,0
65,0,140429.73887491127,18,2,39.95981400033353,0,4,1
24,1,146187.95090326673,13,4,39.5905756243891,1,1,0
18,1,111861.88308423225,5,2,31.027565079547887,1,3,0
56,1,108429.61129708592,20,2,29.53090055652818,0,1,0
62,0,83471.34781283117,0,4,41.67561089840815,0,4,0
68,0,124514.60598182764,5,3,38.16247161080756,0,4,0
37,1,111293.63958411635,18,0,31.78099628064818,0,4,1
67,0,40127.71963770358,16,4,51.175339773056756,0,5,1
24,1,82795.1606826557,13,0,35.98597935707849,1,3,1
34,0,21573.405180893966,0,4,16.762750492691403,1,5,0
26,1,98453.39665753912,7,2,37.05734986946352,0,0,1
46,1,34428.63099775254,12,1,11.881676244471631,1,1,0
38,1,23355.547903433308,12,3,51.641495475074564,0,5,1
18,1,111861.88308423225,5,2,31.027565079547887,1,3,0
34,1,146881.79702629778,2,3,11.455688355848729,0,4,0
66,0,127577.4598738194,14,4,26.180631959441243,0,5,0
47,1,145909.85312098596,14,2,18.13172453667521,0,3,1
33,1,53713.53665122228,10,3,8.416648484214825,0,1,0
30,0,108025.68316555122,0,0,59.564907358719346,1,4,1
65,1,28899.633513365145,1,0,1.1717913521935357,0,1,0
62,1,87062.04735260266,7,0,21.1278102233613,0,3,0
40,1,127575.82158351876,2,0,35.550645902530924,0,0,0
28,0,64992.96444991212,17,1,21.519161779884342,0,1,0
30,1,131433.30340983788,1,4,8.40934405989948,0,0,0
43,0,76162.46058728578,10,1,39.71456313713853,0,1,1
19,1,140799.646972141,17,1,41.4268857724221,0,5,1
40,1,72373.52674224283,9,2,30.45102016249704,1,0,1
42,1,35733.250063075095,10,4,5.153916381748336,1,0,0
24,1,46036.662322791366,11,1,42.326837060037114,0,1,0
63,0,79701.18408760455,7,2,44.77932466090586,0,4,1
39,1,55921.48410056097,17,4,33.41628812502245,1,0,0
19,1,52289.86913661698,4,3,35.858136618834955,1,4,0
27,1,149716.71123865718,16,3,48.0428715333478,0,3,1
30,0,147553.1187790983,7,3,41.22176617432818,0,2,1
57,0,131153.92621059157,20,3,31.169006297971833,1,1,1
63,1,144383.9760129572,20,4,52.21003187812574,1,0,1
66,0,73432.73978452095,10,4,47.54776231216068,0,4,1
42,0,48710.861785191155,13,4,53.05013849639244,0,0,0
33,1,124648.56995850007,4,4,22.28757237130215,1,3,1
51,0,98454.10248563922,4,0,22.03992585958878,0,2,0
28,1,98382.57394233,16,4,41.41535911312754,0,0,1
27,0,87789.75303379135,11,3,17.74881271385208,0,1,0
70,1,77257.37554061512,7,3,25.869159768107142,0,5,0
30,0,87268.02572815536,12,3,6.6196871043993,0,4,1
60,0,127807.28391117822,17,0,44.68231951952016,0,4,1
39,0,134650.60857960372,3,3,40.486681954775804,1,5,1
18,1,138891.32630031265,15,2,21.576913596369213,1,4,1
23,1,45458.300937455104,3,3,33.410255545974884,0,3,0
37,1,72468.13030700685,2,2,10.376561243806123,0,4,1
66,1,46693.28203188397,14,3,19.033261313334823,0,3,1
56,1,72387.42323947098,16,2,5.42264256473077,0,2,0
22,0,34919.95334299827,15,0,25.007007452047045,0,3,0
65,0,124343.63027344235,16,2,21.751486569393485,0,5,0
26,0,138229.09942184144,12,4,54.45512519161743,0,1,1
53,0,108115.71604030575,11,3,18.38159664348691,1,4,1
49,0,21612.524716050924,3,0,8.506268329283632,0,3,0
61,1,90303.18814812077,7,1,57.68893560773112,0,3,1
20,0,143199.4433753812,14,4,39.75209863421849,0,4,1
60,0,56120.860891662596,12,2,52.792991349977285,0,0,0
47,0,142815.71364180034,3,3,25.445293827192252,1,2,1
67,1,97696.8767513514,11,2,52.36961662464493,0,5,1
70,1,59690.387970575066,2,0,46.616893813070575,0,4,0
68,1,60677.96124777427,0,2,58.16910386285568,1,4,1
61,0,71826.1936104007,11,2,6.724074875988277,0,5,0
18,0,59728.54801372794,14,0,44.32665208478245,1,1,1
46,1,133864.8008572174,14,2,24.60174852319119,1,1,0
19,0,145726.45998369216,10,0,37.71587576536755,0,0,1
22,1,99634.55088482649,17,0,14.043221616025518,0,5,1
49,0,145634.26016263297,7,4,7.207953759052014,0,4,0
45,1,79870.1346456382,8,4,28.55405412478276,0,4,0
22,1,26497.273725758234,6,0,17.469503860115964,0,2,0
67,1,21081.59248953496,3,1,48.48513622049185,0,4,1
41,1,27551.95377044547,14,4,7.884658076218089,0,2,0
29,1,26264.181611128508,10,0,14.005835208664223,1,1,0
70,0,29828.655280177598,14,3,44.85437403822052,0,3,0
65,1,81396.63454118762,20,0,45.26603793883453,0,2,0
37,0,105301.0388985393,3,1,53.33552192237075,0,2,0
29,1,128078.55687014227,12,0,42.26369971825467,0,4,1
58,0,64879.00856421997,17,4,57.34872804044795,0,4,1
56,1,24884.24175185796,14,3,34.29272660227248,1,1,0
52,1,119368.44608882567,6,2,54.46211463152128,0,4,1
35,1,66515.83093476135,5,4,16.422441677063297,0,0,0
20,1,99727.91903535927,1,1,49.42957396558621,0,1,1
50,0,74383.40233329641,13,1,52.09536825015686,0,2,0
54,1,30322.856003593835,10,1,5.665485237622239,1,4,0
46,0,68222.33106050947,4,1,48.644639068481595,1,5,1
35,0,51093.413548070326,11,3,59.00081727727441,1,3,1
64,0,23067.345403918785,4,0,47.13402220750432,0,0,0
44,0,36622.684158914286,11,0,25.207275373692845,0,1,0
23,0,126812.79670236132,15,1,17.17567822266571,0,1,0
34,0,30624.294947081173,19,3,38.48063425418577,0,5,1
45,1,23275.14381469982,19,4,12.837293318647834,1,3,0
54,1,25129.73927581691,20,2,57.34635225708844,0,3,0
26,0,107451.38924715674,19,1,39.902085849451794,1,1,1
28,0,39105.15224646726,10,1,36.97165461372451,0,4,1
21,0,81251.8268612659,11,4,6.7017944657274136,0,2,0
36,1,44907.08294552735,19,0,47.6084955009896,0,1,0
69,0,32088.78317700718,14,1,9.473661306060158,0,1,0
31,1,38101.898245287375,19,4,27.934022465150445,0,5,0
41,1,30478.196788426205,2,2,36.26031395226512,0,3,0
54,0,67832.29766927098,17,3,59.32093858472148,0,1,0
69,0,126181.33064573268,1,2,4.216201504740693,0,0,0
51,1,125070.57730119888,7,1,15.891701181586923,0,3,0
27,0,65252.42711187745,19,2,56.72335758504024,1,5,1
41,1,49727.98134846914,14,2,30.393724454139438,1,2,0
57,0,115636.20485109468,7,4,2.6992696522446034,0,5,0
43,0,129388.18190101879,14,0,32.226779440471816,1,3,1
55,1,86155.77222683726,15,4,7.259414997161641,0,4,0
32,1,105104.58929257409,6,1,36.33410259068171,1,0,1
37,0,74954.7227962112,15,3,3.911624258147855,0,0,0
64,0,92958.96247672824,19,3,31.040319968193554,0,3,1
69,0,21638.977596848676,4,2,18.516844781814534,1,2,0
21,0,144531.43573738018,19,0,35.548116316349365,1,4,1
40,0,145714.585783299,15,4,17.809881900593712,0,3,0
68,0,85400.91360137874,5,4,27.49592016789069,0,5,0
46,1,104305.62661542946,8,4,28.62037457037341,1,4,1
50,0,53620.70853544504,7,4,54.04241497631955,1,5,1
34,1,46489.63968659958,19,4,58.98874695346981,1,4,1
22,0,82842.96667650907,2,3,43.368002539405325,0,3,1
56,1,115299.26848385773,1,1,35.196206917347766,1,5,1
60,0,84072.39597816806,4,4,23.197533323310275,0,2,0
50,0,51462.87039751404,11,0,40.01965825274273,0,0,0
66,1,48478.94518324151,10,1,1.926058430180499,0,3,0
70,1,106116.42152113885,1,0,53.32361326706482,1,5,1
46,0,95978.35826846538,20,3,16.30458458930938,0,0,1
41,1,108740.23875904232,8,1,37.69854213972985,0,0,0
50,0,144881.50681671596,10,4,36.84083348060558,1,5,1
23,0,129674.45632673708,14,3,39.1355416152957,0,4,1
49,1,21213.11057752213,11,0,18.67382285727894,0,3,0
58,1,99027.67783179149,18,0,41.858326752910386,0,0,0
53,0,99329.26943209337,3,2,54.79194305215633,1,0,0
67,1,110466.88536194433,17,0,43.108669261925726,0,1,0
33,0,60815.67325905587,9,3,19.55928490471455,0,3,1
45,1,81989.65088131622,14,0,2.391926099066956,0,5,0
40,1,110343.64155732002,20,2,25.065860304921262,1,4,1
62,1,79704.4756325178,16,4,19.883346886232168,0,2,0
50,1,145159.8855329168,14,1,21.393759196969697,1,0,0
52,0,57492.706916436946,4,1,5.526680567905345,1,2,0
34,0,109403.8655159729,11,3,25.41024095723946,1,3,1
68,0,147396.14281665056,11,4,34.900349655560895,0,2,0
59,1,102717.87601730225,9,0,21.621845268994484,0,5,0
31,0,128612.42934648527,12,3,33.43610852469518,0,2,1
23,1,82526.47568519608,5,1,43.9211476017933,0,0,0
66,0,92049.44683716216,14,0,5.530945372917306,0,4,0
44,0,68075.72327833297,9,0,33.97824117595224,1,2,1
45,0,78197.54530335439,20,2,25.115882005703146,1,1,0
31,0,76895.97265926645,10,3,16.574555662879966,0,1,0
36,1,74837.66321004808,18,2,19.617654992143542,0,3,1
50,0,49396.29306245735,14,4,59.89350821418935,1,5,1
42,0,25934.336915309887,10,0,22.794078702851714,1,4,0
66,0,43317.40866158736,3,2,51.85063379193269,0,3,0
46,1,123247.38613142271,16,4,4.546404808625354,0,0,0
63,1,52441.00598043579,1,4,37.50607196499877,0,3,0
55,1,78034.53713220567,4,0,21.115920296913973,1,1,0
32,0,60272.4216971829,18,3,7.2704321826616125,1,3,1
68,0,111480.97135177662,15,3,19.077529103355513,1,5,1
24,1,149332.62123206974,8,2,1.7031609957162834,0,0,0
57,1,117678.76118377593,10,0,30.93599614002427,0,4,1
69,0,32893.15294633807,15,1,56.19006464246351,0,0,0
24,0,141252.36605725897,8,4,19.27426168781471,1,3,1
60,1,76259.69434790415,4,1,5.111751107077058,0,3,0
40,0,91234.73356658008,10,1,50.46557864743921,0,1,0
35,1,104039.63641293097,1,3,16.245166224351834,1,5,1
28,1,79064.90499879516,11,4,51.91487874205305,1,1,0
66,1,48478.94518324151,10,1,1.926058430180499,0,3,0
20,0,68326.10833782294,19,2,13.52437340184535,0,2,0
34,0,91825.12576302559,15,4,22.227575389533847,1,1,1
57,1,76759.8446699396,3,1,11.278429829212069,0,2,0
20,0,82785.95337109617,14,2,5.089158609259395,0,4,1
32,1,25453.659046112713,15,3,28.67452491901702,0,1,0
41,1,65461.419866960445,0,1,50.12893103461578,1,0,0
68,0,147396.14281665056,11,4,34.900349655560895,0,2,0
42,0,54021.73888566778,18,3,1.0441147938613327,1,2,0
44,0,49607.465693417245,5,4,13.334429598071104,0,5,0
21,1,123108.57361957613,11,3,3.456997318058839,0,1,0
41,0,27063.164526977496,8,0,4.8820948499191,0,0,0
40,0,114116.49721059219,7,3,30.5171406020126,1,5,1
52,0,105978.17943915387,8,0,54.786341908800054,0,4,1
44,0,120702.39148291244,7,2,41.354532664993336,0,3,1
34,1,57148.58219705178,20,2,54.2968243848396,0,4,1
65,1,87154.44169797728,7,0,7.49839469221902,0,3,0
63,1,147568.62176464207,18,2,51.45475535331689,0,4,1
51,0,49533.34241305693,8,3,55.148586497171934,0,5,0
69,1,63486.46753645118,16,2,56.78419677301051,1,3,1
29,1,144164.97694792118,8,0,9.496190211269505,1,2,1
38,0,21860.986096717796,0,4,20.844397876219336,0,4,0
23,1,90490.83671394028,8,0,15.120604906294158,1,1,1
28,0,59880.95793787835,6,1,51.671653421441356,1,3,1
67,0,33135.95543138407,14,1,30.561373982091602,0,4,0
66,0,33767.75457248849,3,3,54.26692911512191,0,0,1
33,1,129552.54728087214,16,0,17.481366264942366,0,5,1
45,0,83010.5173269061,2,3,13.201062886604504,1,0,0
37,1,37352.39641407269,10,3,35.11488449217408,0,5,1
35,0,97769.28822828605,1,2,37.979460645616086,1,2,1
47,0,63974.77577928479,12,0,50.56111108332121,0,5,1
69,1,95685.8370572348,8,0,57.73515274756371,0,4,1
29,1,51136.322088239955,16,1,35.69943786260344,0,0,1
43,1,46739.34408542216,10,3,37.20730807599587,1,1,0
42,1,103574.648307632,5,2,32.1379618548504,1,3,1
37,1,112875.14132926149,1,4,20.06846074158527,0,1,0
26,0,123071.07447439911,11,0,16.208930804035486,0,5,1
52,1,133580.81715062488,15,4,44.02344596155034,1,2,1
26,1,53107.18086598665,14,1,48.74249341574773,1,3,1
47,1,49291.20089366056,13,4,1.2872360516746904,0,4,0
29,1,26264.181611128508,10,0,14.005835208664223,1,1,0
67,1,102433.52407892307,8,2,34.424571769681975,1,5,1
42,1,45381.27838434397,3,0,51.4496247722116,0,3,0
42,0,25934.336915309887,10,0,22.794078702851714,1,4,0
46,1,52107.24387935997,10,0,36.05404709717553,0,5,1
49,0,66513.77449230744,0,0,46.02585340698811,0,2,0
22,0,121637.10223484163,2,3,7.814846103231505,0,5,0
19,1,42729.02154385363,0,4,35.713575663841745,0,3,0
58,1,99027.67783179149,18,0,41.858326752910386,0,0,0
41,0,129313.30532536993,12,3,40.697069705305374,0,1,0
52,0,129451.36368293512,13,0,23.5912778281975,0,5,0
51,0,28119.487170479286,13,3,26.98207915848743,0,1,0
37,0,45600.34157894569,0,3,31.866322047552973,0,0,0
44,0,65435.82837128644,17,2,18.076745713771295,0,1,0
38,0,87431.12926947736,0,4,43.59700567014704,1,2,1
25,0,122206.73479393753,10,2,52.496983815045894,0,5,1
66,0,119516.67686884427,9,3,42.367508978032554,0,5,1
57,1,31518.612816058278,7,3,5.456462880257549,0,1,0
66,1,117622.17378723137,10,0,11.157952624606297,0,4,0
62,0,105931.85305215164,14,2,48.20900625511329,0,3,1
29,1,122498.15462292882,12,2,18.131351236634178,0,5,1
49,0,83391.61525673742,15,3,37.45413261031017,0,0,0
40,1,98921.64523343802,15,4,30.815866426031743,1,1,1
50,1,95764.88856085365,12,0,52.929129241705276,0,5,1
62,0,79728.07989277826,0,1,31.25728638367338,1,2,0
46,1,133864.8008572174,14,2,24.60174852319119,1,1,0
69,0,56721.41542810048,16,1,56.53166695312044,1,2,1
63,0,85623.42777958866,18,0,11.657565178537604,0,1,0
46,0,148031.59235912186,19,2,32.592763900888954,0,4,1
61,1,85342.06154191696,9,1,28.59717184710515,0,3,0
54,1,28273.318207263503,14,3,38.66265384271312,1,4,1
40,0,49200.02953970075,1,4,6.120194289834439,0,2,0
54,1,117167.77285757022,3,2,19.036426012818826,1,4,0
30,1,132019.8174923549,19,3,19.282073315100597,1,4,1
61,1,126478.2568020153,9,1,37.35479494754324,0,4,1
32,0,61031.5546892355,11,4,17.70992594477038,0,3,1
52,1,135258.5479812607,4,1,31.327378822714074,0,1,0
55,1,100546.61386977929,6,4,9.12631183438071,1,3,1
30,0,47756.47762038735,4,0,6.802350373822574,0,4,0
56,0,68381.71309887673,12,4,14.974118765196229,0,5,0
38,0,89214.68869577823,5,2,9.81673925257936,0,3,0
46,0,55076.693616667864,5,4,45.41800103039165,1,1,0
64,1,62207.87049570779,2,0,41.9379265506682,0,0,0
50,1,44510.27874740265,17,1,20.216430483084434,0,5,1
68,1,131240.49219888012,7,3,19.495164230940574,1,2,0
52,0,104713.16886204595,15,4,33.684227042818215,0,2,0
68,0,28970.98703966612,13,1,36.60084852099451,1,2,0
51,0,89590.31708883692,8,1,7.459967380713268,1,4,1
53,1,59381.0177332558,4,4,34.32564476632817,1,3,1
21,0,28144.916449196087,16,2,38.58806744242821,0,3,1
27,1,101233.63294890986,9,0,50.259066273499094,1,2,1
41,1,81882.35681793964,7,2,45.79509979976271,0,2,0
56,0,123728.84075006623,9,1,3.9212451524353185,1,1,0
45,0,149200.29055696077,7,3,59.96084051902675,0,1,0
19,0,34496.58760176593,13,1,39.704079924533445,1,2,1
64,1,90031.23373385285,4,4,9.723293833880643,0,4,0
45,0,130580.08751934792,17,1,6.926995431177137,1,2,0
47,0,52630.17982409903,13,0,11.494907932177087,1,5,1
66,1,77089.47616238728,3,4,51.09358179153721,1,2,0
49,0,70394.34470923411,15,3,32.68792387981611,1,5,1
70,1,144468.2424749525,11,4,46.720779866051345,0,2,0
40,1,59617.64240019733,2,0,16.784094784652197,1,2,0
57,1,103279.97386135536,1,1,2.4667114390318554,0,2,0
45,1,33736.40895402671,15,4,58.88164687301348,0,1,0
38,1,111330.2651995249,15,4,22.20841268938267,1,2,1
49,1,94366.32363800911,6,3,6.955555907827533,1,1,0
50,1,39355.44654321781,5,4,4.643980791121782,1,3,0
47,1,58009.8043535851,1,4,8.994176616801843,0,4,0
53,1,135718.3478614819,3,2,43.73879500388463,0,1,0
21,1,115255.35172220146,17,4,42.838504297670305,0,0,0
62,0,147857.79145297885,5,0,20.08312845091161,1,4,0
27,1,58355.29199504031,11,2,17.94272114270289,1,2,1
53,1,90593.19591449622,16,1,19.360489530436542,1,2,0
69,1,96162.4224989575,17,3,33.276716464188084,0,3,1
34,1,145323.75013151678,2,4,51.06045038609064,0,3,1
38,0,38203.132681931296,1,4,10.412857444616991,1,0,0
30,0,22281.807237661757,12,2,46.37735686693065,1,3,1
44,0,131015.05570420487,17,1,34.124864298054334,1,4,1
22,0,69652.15315487646,2,4,13.131667774261123,0,1,0
60,0,105455.95268211671,2,4,44.872548536076444,1,1,0
22,0,141716.4807909605,17,2,41.604916245056415,1,1,1
57,0,55629.30661448483,8,1,30.943036573690556,1,3,1
64,1,74145.57614750427,15,1,58.776534192866464,1,5,1
18,1,54909.38828878895,18,4,32.72332778355093,0,4,1
31,1,82515.71905839117,1,0,35.88676778647144,1,1,1
36,0,87788.3731416944,14,1,37.396200601945715,0,1,1
69,1,74931.29568055281,20,0,17.879305399844377,0,0,0
60,1,87787.93957566663,7,0,37.61285397438406,1,5,1
50,1,24024.25281951466,11,2,22.409083202711102,0,5,0
18,0,67898.35958915527,2,0,51.942370856784265,0,1,0
46,1,59820.75484116765,18,2,4.000351994513446,0,3,0
25,1,136978.33493934543,10,2,11.71625389085049,0,4,1
70,0,131563.01691043132,5,3,1.9392957685051178,0,2,0
45,0,72980.59403421602,3,1,23.34177838839423,0,3,0
20,0,73251.75633638016,19,3,57.90149859451087,1,5,1
68,0,28970.98703966612,13,1,36.60084852099451,1,2,0
29,0,77530.91692591693,10,1,56.03350551445959,0,3,0
66,1,56488.81801707666,13,3,30.957376959897193,0,3,1
54,0,121892.93198310163,10,1,48.524266715902414,0,3,1
69,0,116017.66955720299,9,4,1.0944700653927009,0,2,0
60,0,111906.9433692431,15,4,9.568276174999694,0,0,0
24,1,76365.76304223987,4,3,22.77026914680763,1,3,1
61,0,58943.538134003604,12,2,37.72017995691728,1,1,1
35,0,137813.0954677348,13,1,43.438735932481706,0,5,1
47,0,123287.02078379733,6,0,36.63130617607142,0,0,0
66,0,114751.9874950931,17,3,10.083831081323728,0,4,0
51,0,49383.769716079965,1,0,29.718311852786616,1,1,0
70,0,89340.26173949713,7,2,38.13599895590893,0,3,1
57,1,127579.92642369366,16,2,41.3435038525026,1,3,1
48,1,90290.80196383834,20,4,44.35079804211334,0,5,1
20,0,106292.65920282659,17,3,3.9973527916475926,0,4,1
29,1,21521.859395017527,3,0,33.853482986724224,0,2,0
58,1,82930.0190623262,14,2,12.851753628273467,0,4,0
52,0,46177.29167767667,7,1,38.35202246327806,0,4,0
70,0,106972.90385278407,4,3,42.44191658610592,1,2,0
33,0,142424.34251046024,3,1,23.642575020667145,0,0,0
57,1,40445.517063363,10,3,56.26301697049618,0,2,0
50,0,92885.81227410222,0,4,4.727802714753363,0,2,0
18,0,99007.77589285394,10,1,16.263599149132915,0,3,1
40,1,76472.43147085927,6,1,53.880611577663494,0,4,0
67,1,110466.88536194433,17,0,43.108669261925726,0,1,0
23,1,81595.27769173306,8,0,31.945533878919612,1,1,1
41,1,28095.50376464513,10,2,25.068331283702623,0,0,0
22,1,59164.48389880005,12,1,30.119075915777728,0,3,1
19,0,21019.406800349185,20,0,12.682178788145658,0,4,0
31,1,91982.49309654145,8,3,15.01167649936979,0,3,1
68,0,80311.22326948371,14,2,19.080097856464338,0,3,0
69,1,27975.45152438686,18,4,4.368565936568679,0,0,0
60,0,135733.54689231428,1,3,46.10952756180639,1,3,1
29,0,75955.56334172873,17,2,2.6207631882661064,0,4,1
62,0,70250.26588699361,16,0,39.09015649223871,0,5,1
42,1,133175.19525598089,15,4,5.759516276079465,0,5,0
55,0,101221.90216262233,14,2,39.347173791787455,1,5,1
33,1,105058.03180224504,19,0,36.858927877806344,1,0,1
54,1,30682.316771935555,18,1,28.01049102099319,1,2,0
22,1,113951.9045007697,2,0,18.655656736349467,0,1,0
29,0,112824.24378069134,20,4,53.43639654126607,0,4,1
35,1,97367.1177377386,14,2,40.06459772268257,0,1,1
24,0,125414.21553102939,11,4,19.450084413346026,0,4,1
39,0,34204.34734025078,17,3,27.13410963412803,0,5,0
49,0,95780.38738455421,18,0,21.860932294304227,1,2,1
32,1,35979.688200500386,11,1,43.85190652176026,0,4,1
55,0,81936.80822469291,6,1,56.94371189784098,1,4,1
68,0,80311.22326948371,14,2,19.080097856464338,0,3,0
21,1,120794.99955240762,10,0,7.630770005200024,0,2,0
28,1,141304.7330746625,0,1,17.35151676052823,0,1,0
41,0,116615.11583510845,19,2,32.15601677499265,0,1,0
22,0,55799.55265320441,9,4,54.27864453607589,1,1,1
19,0,26090.748108588406,0,2,53.58752220078088,0,4,0
18,1,83126.66095572172,20,3,2.2803056212569555,0,1,0
30,0,71611.95536083492,20,1,38.68168553110391,0,5,1
63,0,71874.59129351651,10,2,43.54624261077121,0,1,0
34,1,20418.37426855623,9,1,54.45995479214512,0,0,0
34,1,104649.18603461764,14,1,28.998116659354817,0,1,0
39,1,65048.14183385337,13,0,34.59074328252628,0,5,1
67,1,28775.331068896852,18,2,17.625707203046694,0,1,1
40,1,57363.247540525364,7,4,12.20603320759119,0,0,0
63,0,134021.77553236455,16,2,37.31163380267996,1,0,1
50,0,52625.66597423874,13,0,25.348016654369804,1,4,1
