date,datetime,cash_type,card,money,coffee_name
2024-03-01,2024-03-01 10:15:50.520,card,ANON-0000-0000-0001,38.7,Latte
2024-03-01,2024-03-01 12:19:22.539,card,ANON-0000-0000-0002,38.7,Hot Chocolate
2024-03-01,2024-03-01 12:20:18.089,card,ANON-0000-0000-0002,38.7,Hot Chocolate
2024-03-01,2024-03-01 13:46:33.006,card,ANON-0000-0000-0003,28.9,Americano
2024-03-01,2024-03-01 13:48:14.626,card,ANON-0000-0000-0004,38.7,Latte
2024-03-01,2024-03-01 15:39:47.726,card,ANON-0000-0000-0005,33.8,Americano with Milk
2024-03-01,2024-03-01 16:19:02.756,card,ANON-0000-0000-0006,38.7,Hot Chocolate
2024-03-01,2024-03-01 18:39:03.580,card,ANON-0000-0000-0007,33.8,Americano with Milk
2024-03-01,2024-03-01 19:22:01.762,card,ANON-0000-0000-0008,38.7,Cocoa
2024-03-01,2024-03-01 19:23:15.887,card,ANON-0000-0000-0008,33.8,Americano with Milk
2024-03-01,2024-03-01 19:29:17.391,card,ANON-0000-0000-0009,33.8,Americano with Milk
2024-03-02,2024-03-02 10:22:06.957,card,ANON-0000-0000-0010,28.9,Americano
2024-03-02,2024-03-02 10:30:35.668,cash,,40.0,Latte
2024-03-02,2024-03-02 10:41:41.249,card,ANON-0000-0000-0011,33.8,Americano with Milk
2024-03-02,2024-03-02 11:59:45.484,card,ANON-0000-0000-0012,33.8,Americano with Milk
2024-03-02,2024-03-02 14:38:35.535,card,ANON-0000-0000-0013,28.9,Americano
2024-03-02,2024-03-02 16:37:24.475,card,ANON-0000-0000-0014,33.8,Americano with Milk
2024-03-02,2024-03-02 17:34:54.969,card,ANON-0000-0000-0004,28.9,Americano
2024-03-03,2024-03-03 10:10:43.981,cash,,40.0,Latte
2024-03-03,2024-03-03 10:27:18.561,card,ANON-0000-0000-0015,38.7,Latte
2024-03-03,2024-03-03 11:33:56.118,card,ANON-0000-0000-0016,28.9,Cortado
2024-03-03,2024-03-03 12:26:56.098,card,ANON-0000-0000-0012,28.9,Americano
2024-03-03,2024-03-03 13:09:36.321,card,ANON-0000-0000-0017,38.7,Hot Chocolate
2024-03-03,2024-03-03 17:06:40.271,card,ANON-0000-0000-0018,38.7,Cocoa
2024-03-03,2024-03-03 17:08:45.895,card,ANON-0000-0000-0019,28.9,Cortado
2024-03-03,2024-03-03 18:03:23.369,card,ANON-0000-0000-0020,33.8,Americano with Milk
2024-03-03,2024-03-03 18:04:27.946,card,ANON-0000-0000-0020,33.8,Americano with Milk
2024-03-03,2024-03-03 18:08:04.959,card,ANON-0000-0000-0020,38.7,Hot Chocolate
2024-03-04,2024-03-04 10:03:51.994,card,ANON-0000-0000-0001,38.7,Latte
2024-03-04,2024-03-04 10:54:50.958,card,ANON-0000-0000-0021,38.7,Latte
2024-03-04,2024-03-04 11:05:16.184,card,ANON-0000-0000-0012,33.8,Americano with Milk
2024-03-04,2024-03-04 14:04:37.734,card,ANON-0000-0000-0022,24.0,Espresso
2024-03-05,2024-03-05 09:59:52.651,card,ANON-0000-0000-0001,38.7,Latte
2024-03-05,2024-03-05 14:34:55.963,card,ANON-0000-0000-0023,38.7,Latte
2024-03-05,2024-03-05 17:34:06.043,card,ANON-0000-0000-0024,38.7,Latte
2024-03-05,2024-03-05 17:35:25.021,card,ANON-0000-0000-0025,38.7,Hot Chocolate
2024-03-05,2024-03-05 17:36:28.571,card,ANON-0000-0000-0026,38.7,Cocoa
2024-03-05,2024-03-05 17:37:13.659,card,ANON-0000-0000-0027,38.7,Hot Chocolate
2024-03-05,2024-03-05 17:38:09.354,card,ANON-0000-0000-0009,38.7,Hot Chocolate
2024-03-05,2024-03-05 17:56:15.776,card,ANON-0000-0000-0028,28.9,Cortado
2024-03-05,2024-03-05 18:01:31.242,card,ANON-0000-0000-0028,38.7,Hot Chocolate
2024-03-06,2024-03-06 12:30:27.089,cash,,35.0,Americano with Milk
2024-03-06,2024-03-06 13:24:07.667,card,ANON-0000-0000-0012,28.9,Americano
2024-03-06,2024-03-06 13:25:14.351,card,ANON-0000-0000-0012,28.9,Cortado
2024-03-06,2024-03-06 14:52:01.761,card,ANON-0000-0000-0029,38.7,Cappuccino
2024-03-06,2024-03-06 14:53:18.344,card,ANON-0000-0000-0029,38.7,Cappuccino
2024-03-07,2024-03-07 10:08:58.945,cash,,40.0,Latte
2024-03-07,2024-03-07 10:18:40.543,card,ANON-0000-0000-0030,38.7,Hot Chocolate
2024-03-07,2024-03-07 11:03:58.976,card,ANON-0000-0000-0031,38.7,Latte
2024-03-07,2024-03-07 11:25:43.977,cash,,40.0,Latte
2024-03-07,2024-03-07 15:40:22.606,card,ANON-0000-0000-0032,28.9,Americano
2024-03-07,2024-03-07 15:41:28.784,card,ANON-0000-0000-0033,33.8,Americano with Milk
2024-03-08,2024-03-08 10:34:41.283,card,ANON-0000-0000-0012,28.9,Cortado
2024-03-08,2024-03-08 12:22:28.653,card,ANON-0000-0000-0034,38.7,Cappuccino
2024-03-08,2024-03-08 13:53:02.042,card,ANON-0000-0000-0035,28.9,Americano
2024-03-08,2024-03-08 14:44:12.686,card,ANON-0000-0000-0012,28.9,Americano
2024-03-08,2024-03-08 14:45:11.048,card,ANON-0000-0000-0033,28.9,Americano
2024-03-08,2024-03-08 14:46:11.155,card,ANON-0000-0000-0012,33.8,Americano with Milk
2024-03-08,2024-03-08 18:57:51.451,card,ANON-0000-0000-0036,38.7,Latte
2024-03-08,2024-03-08 18:59:24.941,card,ANON-0000-0000-0037,38.7,Latte
2024-03-09,2024-03-09 11:49:37.292,cash,,40.0,Hot Chocolate
2024-03-09,2024-03-09 12:05:15.559,card,ANON-0000-0000-0038,24.0,Espresso
2024-03-09,2024-03-09 12:07:38.275,card,ANON-0000-0000-0039,28.9,Americano
2024-03-09,2024-03-09 12:09:47.714,card,ANON-0000-0000-0012,38.7,Cappuccino
2024-03-09,2024-03-09 12:13:03.521,card,ANON-0000-0000-0040,28.9,Americano
2024-03-09,2024-03-09 12:14:26.458,card,ANON-0000-0000-0040,28.9,Americano
2024-03-09,2024-03-09 13:09:22.229,card,ANON-0000-0000-0041,38.7,Latte
2024-03-09,2024-03-09 13:41:06.167,card,ANON-0000-0000-0042,33.8,Americano with Milk
2024-03-09,2024-03-09 13:53:10.408,card,ANON-0000-0000-0043,28.9,Cortado
2024-03-09,2024-03-09 13:54:36.828,card,ANON-0000-0000-0043,38.7,Cappuccino
2024-03-09,2024-03-09 14:08:01.829,card,ANON-0000-0000-0009,33.8,Americano with Milk
2024-03-09,2024-03-09 14:26:52.873,card,ANON-0000-0000-0044,38.7,Hot Chocolate
2024-03-09,2024-03-09 19:17:57.572,card,ANON-0000-0000-0009,38.7,Cappuccino
2024-03-09,2024-03-09 19:19:10.084,card,ANON-0000-0000-0009,38.7,Hot Chocolate
2024-03-10,2024-03-10 07:44:18.538,cash,,30.0,Americano
2024-03-10,2024-03-10 07:45:29.441,cash,,35.0,Americano with Milk
2024-03-10,2024-03-10 10:06:02.960,cash,,40.0,Latte
2024-03-10,2024-03-10 11:19:20.764,card,ANON-0000-0000-0045,24.0,Espresso
2024-03-10,2024-03-10 17:51:03.048,cash,,35.0,Americano with Milk
2024-03-10,2024-03-10 19:34:00.478,card,ANON-0000-0000-0046,38.7,Latte
2024-03-10,2024-03-10 19:35:54.712,card,ANON-0000-0000-0046,28.9,Cortado
2024-03-11,2024-03-11 10:18:46.724,cash,,40.0,Latte
2024-03-11,2024-03-11 11:24:15.022,cash,,40.0,Cappuccino
2024-03-11,2024-03-11 11:24:51.565,cash,,30.0,Cortado
2024-03-11,2024-03-11 11:26:44.221,cash,,30.0,Americano
2024-03-11,2024-03-11 11:32:58.781,card,ANON-0000-0000-0035,38.7,Cappuccino
2024-03-11,2024-03-11 16:24:26.401,card,ANON-0000-0000-0047,28.9,Americano
2024-03-11,2024-03-11 16:25:45.664,card,ANON-0000-0000-0047,38.7,Latte
2024-03-11,2024-03-11 16:50:49.608,card,ANON-0000-0000-0048,28.9,Cortado
2024-03-12,2024-03-12 10:15:00.297,cash,,40.0,Latte
2024-03-12,2024-03-12 10:15:34.543,card,ANON-0000-0000-0033,28.9,Americano
2024-03-12,2024-03-12 10:16:24.886,card,ANON-0000-0000-0033,28.9,Cortado
2024-03-12,2024-03-12 11:20:45.632,card,ANON-0000-0000-0049,38.7,Hot Chocolate
2024-03-12,2024-03-12 12:46:23.275,card,ANON-0000-0000-0004,33.8,Americano with Milk
2024-03-12,2024-03-12 12:47:26.027,card,ANON-0000-0000-0004,28.9,Americano
2024-03-12,2024-03-12 16:15:43.325,card,ANON-0000-0000-0050,28.9,Americano
2024-03-13,2024-03-13 11:06:43.038,card,ANON-0000-0000-0048,38.7,Hot Chocolate
2024-03-13,2024-03-13 11:48:16.753,card,ANON-0000-0000-0004,28.9,Americano
2024-03-13,2024-03-13 12:18:06.336,card,ANON-0000-0000-0051,28.9,Americano
2024-03-13,2024-03-13 12:19:05.128,card,ANON-0000-0000-0051,28.9,Americano
2024-03-13,2024-03-13 12:34:30.315,cash,,25.0,Espresso
2024-03-13,2024-03-13 14:26:40.875,card,ANON-0000-0000-0052,33.8,Americano with Milk
2024-03-13,2024-03-13 15:40:22.261,card,ANON-0000-0000-0053,24.0,Espresso
2024-03-13,2024-03-13 15:41:20.424,card,ANON-0000-0000-0053,24.0,Espresso
2024-03-13,2024-03-13 16:47:09.373,card,ANON-0000-0000-0054,24.0,Espresso
2024-03-14,2024-03-14 10:02:12.241,cash,,40.0,Latte
2024-03-14,2024-03-14 10:28:33.017,card,ANON-0000-0000-0055,38.7,Latte
2024-03-14,2024-03-14 10:29:34.283,card,ANON-0000-0000-0055,38.7,Hot Chocolate
2024-03-14,2024-03-14 13:27:29.536,card,ANON-0000-0000-0012,28.9,Cortado
2024-03-14,2024-03-14 13:28:24.527,card,ANON-0000-0000-0012,28.9,Americano
2024-03-14,2024-03-14 13:51:59.905,card,ANON-0000-0000-0056,33.8,Americano with Milk
2024-03-14,2024-03-14 13:52:56.248,card,ANON-0000-0000-0057,24.0,Espresso
2024-03-14,2024-03-14 15:20:38.367,card,ANON-0000-0000-0058,38.7,Latte
2024-03-14,2024-03-14 16:04:09.506,card,ANON-0000-0000-0059,33.8,Americano with Milk
2024-03-14,2024-03-14 16:54:38.202,card,ANON-0000-0000-0050,24.0,Espresso
2024-03-14,2024-03-14 18:58:55.854,card,ANON-0000-0000-0019,38.7,Hot Chocolate
2024-03-14,2024-03-14 19:00:08.663,card,ANON-0000-0000-0012,28.9,Cortado
2024-03-15,2024-03-15 10:02:16.533,cash,,40.0,Latte
2024-03-15,2024-03-15 10:53:02.180,card,ANON-0000-0000-0060,38.7,Hot Chocolate
2024-03-15,2024-03-15 18:19:27.922,card,ANON-0000-0000-0012,28.9,Americano
2024-03-16,2024-03-16 12:06:55.209,card,ANON-0000-0000-0061,33.8,Americano with Milk
2024-03-16,2024-03-16 12:07:53.915,card,ANON-0000-0000-0061,28.9,Americano
2024-03-16,2024-03-16 15:58:18.458,card,ANON-0000-0000-0009,28.9,Cortado
2024-03-16,2024-03-16 16:03:21.738,card,ANON-0000-0000-0009,28.9,Cortado
2024-03-16,2024-03-16 16:04:11.444,card,ANON-0000-0000-0012,28.9,Cortado
2024-03-16,2024-03-16 17:58:07.241,card,ANON-0000-0000-0062,33.8,Americano with Milk
2024-03-17,2024-03-17 10:10:21.399,cash,,40.0,Latte
2024-03-17,2024-03-17 12:55:26.065,card,ANON-0000-0000-0063,28.9,Cortado
2024-03-18,2024-03-18 11:17:59.671,card,ANON-0000-0000-0064,28.9,Cortado
2024-03-18,2024-03-18 15:31:39.725,card,ANON-0000-0000-0003,28.9,Americano
2024-03-18,2024-03-18 15:32:38.239,card,ANON-0000-0000-0003,28.9,Americano
2024-03-18,2024-03-18 15:33:36.708,card,ANON-0000-0000-0003,28.9,Americano
2024-03-19,2024-03-19 10:20:25.996,cash,,30.0,Cortado
2024-03-19,2024-03-19 14:02:21.536,card,ANON-0000-0000-0065,38.7,Latte
2024-03-19,2024-03-19 14:03:19.765,card,ANON-0000-0000-0065,38.7,Latte
2024-03-19,2024-03-19 15:04:36.309,card,ANON-0000-0000-0049,38.7,Hot Chocolate
2024-03-19,2024-03-19 16:53:48.706,card,ANON-0000-0000-0066,33.8,Americano with Milk
2024-03-19,2024-03-19 19:26:32.677,cash,,40.0,Hot Chocolate
2024-03-20,2024-03-20 11:41:16.403,card,ANON-0000-0000-0012,28.9,Cortado
2024-03-20,2024-03-20 12:21:07.728,cash,,40.0,Latte
2024-03-20,2024-03-20 12:30:48.968,card,ANON-0000-0000-0049,28.9,Cortado
2024-03-20,2024-03-20 13:16:47.394,card,ANON-0000-0000-0067,38.7,Cappuccino
2024-03-20,2024-03-20 16:42:38.117,card,ANON-0000-0000-0050,38.7,Cocoa
2024-03-20,2024-03-20 17:50:28.781,card,ANON-0000-0000-0068,38.7,Latte
2024-03-21,2024-03-21 10:18:56.977,cash,,40.0,Cappuccino
2024-03-21,2024-03-21 12:25:09.194,card,ANON-0000-0000-0012,28.9,Cortado
2024-03-21,2024-03-21 12:26:17.428,card,ANON-0000-0000-0012,38.7,Cappuccino
2024-03-21,2024-03-21 17:21:01.453,cash,,30.0,Americano
2024-03-21,2024-03-21 17:22:01.353,card,ANON-0000-0000-0012,28.9,Cortado
2024-03-21,2024-03-21 19:20:36.508,card,ANON-0000-0000-0069,38.7,Latte
2024-03-22,2024-03-22 10:35:53.619,card,ANON-0000-0000-0070,33.8,Americano with Milk
2024-03-22,2024-03-22 13:29:20.343,card,ANON-0000-0000-0071,33.8,Americano with Milk
2024-03-22,2024-03-22 16:15:14.448,cash,,40.0,Cappuccino
2024-03-22,2024-03-22 17:17:03.724,card,ANON-0000-0000-0012,28.9,Americano
2024-03-22,2024-03-22 17:17:58.991,card,ANON-0000-0000-0012,24.0,Espresso
2024-03-22,2024-03-22 17:20:49.490,card,ANON-0000-0000-0050,28.9,Americano
2024-03-23,2024-03-23 10:43:59.559,card,ANON-0000-0000-0072,38.7,Latte
2024-03-23,2024-03-23 10:45:07.157,card,ANON-0000-0000-0073,33.8,Americano with Milk
2024-03-23,2024-03-23 13:10:07.661,card,ANON-0000-0000-0074,38.7,Cappuccino
2024-03-23,2024-03-23 13:11:12.230,card,ANON-0000-0000-0074,38.7,Cocoa
2024-03-23,2024-03-23 14:44:41.276,card,ANON-0000-0000-0075,33.8,Americano with Milk
2024-03-23,2024-03-23 15:47:19.062,card,ANON-0000-0000-0076,38.7,Latte
2024-03-23,2024-03-23 15:49:33.813,card,ANON-0000-0000-0076,33.8,Americano with Milk
2024-03-23,2024-03-23 16:00:58.386,card,ANON-0000-0000-0009,28.9,Cortado
2024-03-24,2024-03-24 10:03:56.005,cash,,40.0,Latte
2024-03-24,2024-03-24 18:45:08.397,card,ANON-0000-0000-0077,38.7,Latte
2024-03-25,2024-03-25 10:31:47.250,card,ANON-0000-0000-0009,38.7,Latte
2024-03-25,2024-03-25 11:16:25.671,cash,,35.0,Americano with Milk
2024-03-25,2024-03-25 14:27:09.163,card,ANON-0000-0000-0078,38.7,Latte
2024-03-25,2024-03-25 14:29:25.343,card,ANON-0000-0000-0017,38.7,Latte
2024-03-25,2024-03-25 18:37:30.650,card,ANON-0000-0000-0024,33.8,Americano with Milk
2024-03-25,2024-03-25 19:34:24.542,card,ANON-0000-0000-0079,38.7,Cappuccino
2024-03-26,2024-03-26 10:35:49.679,card,ANON-0000-0000-0055,38.7,Cocoa
2024-03-26,2024-03-26 10:36:36.151,card,ANON-0000-0000-0055,38.7,Latte
2024-03-26,2024-03-26 10:42:30.170,card,ANON-0000-0000-0080,38.7,Latte
2024-03-26,2024-03-26 11:11:47.335,card,ANON-0000-0000-0009,28.9,Cortado
2024-03-26,2024-03-26 13:35:52.773,card,ANON-0000-0000-0003,28.9,Americano
2024-03-26,2024-03-26 13:36:49.644,card,ANON-0000-0000-0032,28.9,Cortado
2024-03-26,2024-03-26 13:37:59.723,card,ANON-0000-0000-0059,28.9,Cortado
2024-03-26,2024-03-26 13:57:53.677,card,ANON-0000-0000-0050,28.9,Americano
2024-03-26,2024-03-26 15:48:02.270,card,ANON-0000-0000-0081,38.7,Latte
2024-03-26,2024-03-26 18:33:38.568,card,ANON-0000-0000-0024,38.7,Latte
2024-03-26,2024-03-26 18:34:54.648,card,ANON-0000-0000-0009,38.7,Hot Chocolate
2024-03-27,2024-03-27 11:04:51.174,card,ANON-0000-0000-0003,28.9,Cortado
2024-03-27,2024-03-27 11:05:58.236,card,ANON-0000-0000-0003,33.8,Americano with Milk
2024-03-27,2024-03-27 12:57:00.462,card,ANON-0000-0000-0082,33.8,Americano with Milk
2024-03-27,2024-03-27 13:35:20.039,card,ANON-0000-0000-0083,38.7,Hot Chocolate
2024-03-27,2024-03-27 14:22:31.662,card,ANON-0000-0000-0012,38.7,Cappuccino
2024-03-27,2024-03-27 14:23:35.380,card,ANON-0000-0000-0012,28.9,Americano
2024-03-27,2024-03-27 18:30:11.833,card,ANON-0000-0000-0084,28.9,Cortado
2024-03-27,2024-03-27 19:31:12.442,cash,,40.0,Latte
2024-03-28,2024-03-28 14:24:47.092,card,ANON-0000-0000-0085,28.9,Cortado
2024-03-28,2024-03-28 17:24:46.244,card,ANON-0000-0000-0012,28.9,Cortado
2024-03-28,2024-03-28 17:27:05.304,card,ANON-0000-0000-0012,28.9,Americano
2024-03-28,2024-03-28 17:32:44.652,card,ANON-0000-0000-0086,38.7,Latte
2024-03-29,2024-03-29 10:56:19.495,card,ANON-0000-0000-0087,38.7,Latte
2024-03-29,2024-03-29 12:34:17.383,card,ANON-0000-0000-0088,38.7,Cappuccino
2024-03-29,2024-03-29 12:41:32.125,card,ANON-0000-0000-0088,38.7,Cappuccino
2024-03-29,2024-03-29 13:22:44.618,cash,,40.0,Cappuccino
2024-03-30,2024-03-30 11:59:19.854,card,ANON-0000-0000-0069,38.7,Latte
2024-03-30,2024-03-30 13:49:25.815,cash,,40.0,Cappuccino
2024-03-30,2024-03-30 16:12:31.786,card,ANON-0000-0000-0017,38.7,Latte
2024-03-30,2024-03-30 16:36:40.513,card,ANON-0000-0000-0009,38.7,Latte
2024-03-30,2024-03-30 16:37:57.553,card,ANON-0000-0000-0009,33.8,Americano with Milk
2024-03-31,2024-03-31 10:40:04.523,card,ANON-0000-0000-0089,38.7,Cappuccino
2024-03-31,2024-03-31 19:36:45.000,cash,,30.0,Americano
2024-04-01,2024-04-01 10:28:47.601,card,ANON-0000-0000-0004,28.9,Americano
2024-04-01,2024-04-01 10:29:42.318,card,ANON-0000-0000-0004,33.8,Americano with Milk
2024-04-01,2024-04-01 10:30:43.735,card,ANON-0000-0000-0004,33.8,Americano with Milk
2024-04-01,2024-04-01 11:15:43.836,card,ANON-0000-0000-0009,33.8,Americano with Milk
2024-04-01,2024-04-01 17:01:42.924,cash,,40.0,Cappuccino
2024-04-01,2024-04-01 18:18:42.372,card,ANON-0000-0000-0024,33.8,Americano with Milk
2024-04-01,2024-04-01 18:45:27.436,card,ANON-0000-0000-0090,38.7,Hot Chocolate
2024-04-02,2024-04-02 10:01:14.022,card,ANON-0000-0000-0001,38.7,Latte
2024-04-02,2024-04-02 16:18:34.169,card,ANON-0000-0000-0003,28.9,Americano
2024-04-02,2024-04-02 16:19:28.460,card,ANON-0000-0000-0003,28.9,Cortado
2024-04-02,2024-04-02 19:59:31.942,cash,,40.0,Cappuccino
2024-04-03,2024-04-03 10:19:13.644,card,ANON-0000-0000-0003,28.9,Cortado
2024-04-03,2024-04-03 10:20:07.655,card,ANON-0000-0000-0003,28.9,Americano
2024-04-03,2024-04-03 13:12:05.367,card,ANON-0000-0000-0012,38.7,Cappuccino
2024-04-03,2024-04-03 15:36:11.735,cash,,30.0,Cortado
2024-04-04,2024-04-04 10:44:55.988,card,ANON-0000-0000-0091,38.7,Latte
2024-04-04,2024-04-04 11:26:38.085,card,ANON-0000-0000-0092,38.7,Latte
2024-04-04,2024-04-04 11:27:48.411,card,ANON-0000-0000-0093,38.7,Cappuccino
2024-04-04,2024-04-04 12:23:02.216,card,ANON-0000-0000-0094,28.9,Cortado
2024-04-04,2024-04-04 19:42:07.740,cash,,40.0,Latte
2024-04-05,2024-04-05 10:40:42.728,card,ANON-0000-0000-0095,28.9,Americano
2024-04-05,2024-04-05 10:42:06.204,card,ANON-0000-0000-0012,28.9,Americano
2024-04-05,2024-04-05 11:06:14.643,card,ANON-0000-0000-0096,28.9,Cortado
2024-04-05,2024-04-05 12:14:27.975,card,ANON-0000-0000-0097,33.8,Americano with Milk
2024-04-05,2024-04-05 14:23:40.387,card,ANON-0000-0000-0098,38.7,Latte
2024-04-05,2024-04-05 14:24:50.417,card,ANON-0000-0000-0098,28.9,Cortado
2024-04-05,2024-04-05 15:30:50.383,cash,,40.0,Latte
2024-04-05,2024-04-05 15:54:15.768,cash,,40.0,Cappuccino
2024-04-05,2024-04-05 15:55:30.947,cash,,30.0,Americano
2024-04-05,2024-04-05 16:17:43.975,cash,,40.0,Cocoa
2024-04-05,2024-04-05 16:18:23.558,card,ANON-0000-0000-0003,24.0,Espresso
2024-04-06,2024-04-06 12:32:31.398,card,ANON-0000-0000-0099,33.8,Americano with Milk
2024-04-06,2024-04-06 14:13:18.733,card,ANON-0000-0000-0040,38.7,Cappuccino
2024-04-06,2024-04-06 14:14:27.029,card,ANON-0000-0000-0040,28.9,Americano
2024-04-06,2024-04-06 14:49:50.183,card,ANON-0000-0000-0009,38.7,Latte
2024-04-07,2024-04-07 10:12:53.204,card,ANON-0000-0000-0091,38.7,Latte
2024-04-07,2024-04-07 12:44:31.936,card,ANON-0000-0000-0040,38.7,Cappuccino
2024-04-07,2024-04-07 12:46:05.118,card,ANON-0000-0000-0040,38.7,Cappuccino
2024-04-07,2024-04-07 14:16:24.949,card,ANON-0000-0000-0100,28.9,Cortado
2024-04-07,2024-04-07 14:17:30.628,card,ANON-0000-0000-0100,24.0,Espresso
2024-04-07,2024-04-07 18:01:16.608,card,ANON-0000-0000-0101,38.7,Hot Chocolate
2024-04-07,2024-04-07 18:02:03.878,card,ANON-0000-0000-0101,33.8,Americano with Milk
2024-04-08,2024-04-08 10:58:21.106,card,ANON-0000-0000-0102,33.8,Americano with Milk
2024-04-08,2024-04-08 10:59:27.558,card,ANON-0000-0000-0103,38.7,Cappuccino
2024-04-08,2024-04-08 11:01:20.464,card,ANON-0000-0000-0012,28.9,Americano
2024-04-08,2024-04-08 11:04:47.030,card,ANON-0000-0000-0104,38.7,Cappuccino
2024-04-08,2024-04-08 12:54:25.897,cash,,25.0,Espresso
2024-04-08,2024-04-08 15:43:36.881,cash,,35.0,Americano with Milk
2024-04-08,2024-04-08 16:41:37.806,card,ANON-0000-0000-0017,38.7,Latte
2024-04-08,2024-04-08 18:18:09.713,card,ANON-0000-0000-0105,28.9,Americano
2024-04-08,2024-04-08 19:22:27.477,card,ANON-0000-0000-0024,33.8,Americano with Milk
2024-04-08,2024-04-08 19:23:59.268,card,ANON-0000-0000-0106,38.7,Cappuccino
2024-04-09,2024-04-09 10:22:27.359,cash,,40.0,Cappuccino
2024-04-09,2024-04-09 10:24:10.103,cash,,30.0,Americano
2024-04-09,2024-04-09 11:42:28.468,card,ANON-0000-0000-0091,38.7,Latte
2024-04-09,2024-04-09 15:11:48.720,card,ANON-0000-0000-0107,38.7,Hot Chocolate
2024-04-09,2024-04-09 17:25:23.936,card,ANON-0000-0000-0049,38.7,Hot Chocolate
2024-04-10,2024-04-10 10:21:26.175,cash,,25.0,Espresso
2024-04-10,2024-04-10 17:55:07.018,cash,,40.0,Hot Chocolate
2024-04-10,2024-04-10 17:55:31.244,card,ANON-0000-0000-0108,24.0,Espresso
2024-04-10,2024-04-10 18:24:59.290,card,ANON-0000-0000-0009,38.7,Cappuccino
2024-04-10,2024-04-10 20:04:05.386,card,ANON-0000-0000-0109,38.7,Latte
2024-04-11,2024-04-11 10:41:23.155,card,ANON-0000-0000-0110,28.9,Americano
2024-04-11,2024-04-11 10:42:59.365,card,ANON-0000-0000-0110,28.9,Americano
2024-04-11,2024-04-11 16:35:23.069,card,ANON-0000-0000-0017,38.7,Latte
2024-04-11,2024-04-11 19:16:56.588,card,ANON-0000-0000-0106,38.7,Cappuccino
2024-04-11,2024-04-11 19:18:36.619,card,ANON-0000-0000-0024,33.8,Americano with Milk
2024-04-12,2024-04-12 19:03:43.403,card,ANON-0000-0000-0019,38.7,Hot Chocolate
2024-04-12,2024-04-12 19:38:23.189,card,ANON-0000-0000-0009,28.9,Cortado
2024-04-13,2024-04-13 12:29:19.823,card,ANON-0000-0000-0009,38.7,Latte
2024-04-13,2024-04-13 12:43:02.389,card,ANON-0000-0000-0012,28.9,Americano
2024-04-13,2024-04-13 15:06:52.292,cash,,40.0,Hot Chocolate
2024-04-13,2024-04-13 15:07:55.966,cash,,40.0,Hot Chocolate
2024-04-13,2024-04-13 16:18:03.938,card,ANON-0000-0000-0111,38.7,Cappuccino
2024-04-13,2024-04-13 16:19:39.799,card,ANON-0000-0000-0111,38.7,Latte
2024-04-13,2024-04-13 17:51:26.026,card,ANON-0000-0000-0112,38.7,Cappuccino
2024-04-13,2024-04-13 17:53:19.237,card,ANON-0000-0000-0012,38.7,Cappuccino
2024-04-14,2024-04-14 10:55:27.406,cash,,40.0,Latte
2024-04-14,2024-04-14 12:24:39.028,card,ANON-0000-0000-0113,38.7,Cappuccino
2024-04-14,2024-04-14 12:27:08.951,cash,,30.0,Cortado
2024-04-14,2024-04-14 12:29:06.877,cash,,30.0,Cortado
2024-04-14,2024-04-14 12:31:36.036,cash,,35.0,Americano with Milk
2024-04-14,2024-04-14 13:21:49.808,card,ANON-0000-0000-0114,28.9,Cortado
2024-04-14,2024-04-14 14:23:31.631,card,ANON-0000-0000-0012,28.9,Americano
2024-04-14,2024-04-14 14:24:26.930,card,ANON-0000-0000-0012,28.9,Americano
2024-04-14,2024-04-14 14:25:18.122,card,ANON-0000-0000-0012,28.9,Americano
2024-04-14,2024-04-14 15:46:27.733,card,ANON-0000-0000-0017,38.7,Cappuccino
2024-04-14,2024-04-14 16:59:54.823,card,ANON-0000-0000-0012,28.9,Cortado
2024-04-14,2024-04-14 17:00:45.387,card,ANON-0000-0000-0019,38.7,Latte
2024-04-14,2024-04-14 18:38:19.649,card,ANON-0000-0000-0115,38.7,Cappuccino
2024-04-15,2024-04-15 11:45:24.619,card,ANON-0000-0000-0064,28.9,Americano
2024-04-15,2024-04-15 17:01:46.359,card,ANON-0000-0000-0003,28.9,Americano
2024-04-15,2024-04-15 17:02:49.748,card,ANON-0000-0000-0004,33.8,Americano with Milk
2024-04-15,2024-04-15 19:33:03.036,card,ANON-0000-0000-0009,33.8,Americano with Milk
2024-04-15,2024-04-15 19:41:58.112,cash,,25.0,Espresso
2024-04-16,2024-04-16 10:43:49.907,cash,,35.0,Americano with Milk
2024-04-16,2024-04-16 10:46:25.706,card,ANON-0000-0000-0116,33.8,Americano with Milk
2024-04-16,2024-04-16 12:40:47.675,card,ANON-0000-0000-0117,38.7,Cocoa
2024-04-16,2024-04-16 12:52:07.750,card,ANON-0000-0000-0064,28.9,Cortado
2024-04-16,2024-04-16 15:03:16.889,card,ANON-0000-0000-0118,28.9,Americano
2024-04-16,2024-04-16 17:42:04.208,card,ANON-0000-0000-0024,33.8,Americano with Milk
2024-04-16,2024-04-16 17:43:22.960,card,ANON-0000-0000-0009,38.7,Cappuccino
2024-04-16,2024-04-16 18:09:05.273,card,ANON-0000-0000-0050,38.7,Cocoa
2024-04-17,2024-04-17 13:32:59.792,card,ANON-0000-0000-0012,28.9,Americano
2024-04-17,2024-04-17 13:44:00.181,card,ANON-0000-0000-0119,24.0,Espresso
2024-04-17,2024-04-17 16:13:24.310,cash,,40.0,Cappuccino
2024-04-17,2024-04-17 17:01:35.149,card,ANON-0000-0000-0120,38.7,Cappuccino
2024-04-17,2024-04-17 17:02:40.687,card,ANON-0000-0000-0120,38.7,Cappuccino
2024-04-17,2024-04-17 18:14:03.229,card,ANON-0000-0000-0121,28.9,Cortado
2024-04-18,2024-04-18 11:19:01.693,card,ANON-0000-0000-0003,28.9,Americano
2024-04-18,2024-04-18 11:20:05.696,card,ANON-0000-0000-0003,28.9,Americano
2024-04-18,2024-04-18 13:49:12.720,card,ANON-0000-0000-0122,33.8,Americano with Milk
2024-04-18,2024-04-18 13:50:17.285,card,ANON-0000-0000-0122,28.9,Cortado
2024-04-18,2024-04-18 14:34:19.818,card,ANON-0000-0000-0123,38.7,Cappuccino
2024-04-18,2024-04-18 14:35:49.354,card,ANON-0000-0000-0123,38.7,Latte
2024-04-18,2024-04-18 17:44:15.791,card,ANON-0000-0000-0069,38.7,Latte
2024-04-18,2024-04-18 18:21:05.945,card,ANON-0000-0000-0085,38.7,Cappuccino
2024-04-18,2024-04-18 19:39:51.193,card,ANON-0000-0000-0024,38.7,Hot Chocolate
2024-04-18,2024-04-18 19:40:48.954,card,ANON-0000-0000-0009,38.7,Hot Chocolate
2024-04-19,2024-04-19 10:10:36.254,card,ANON-0000-0000-0001,38.7,Latte
2024-04-19,2024-04-19 13:11:47.848,card,ANON-0000-0000-0040,33.8,Americano with Milk
2024-04-19,2024-04-19 13:13:20.876,card,ANON-0000-0000-0040,38.7,Cappuccino
2024-04-19,2024-04-19 13:58:54.064,card,ANON-0000-0000-0124,38.7,Hot Chocolate
2024-04-19,2024-04-19 13:59:49.690,card,ANON-0000-0000-0124,38.7,Cappuccino
2024-04-19,2024-04-19 18:23:19.311,card,ANON-0000-0000-0024,38.7,Cocoa
2024-04-19,2024-04-19 18:25:33.440,card,ANON-0000-0000-0009,33.8,Americano with Milk
2024-04-20,2024-04-20 11:24:42.681,cash,,35.0,Americano with Milk
2024-04-20,2024-04-20 12:08:35.701,card,ANON-0000-0000-0125,33.8,Americano with Milk
2024-04-20,2024-04-20 12:09:42.664,card,ANON-0000-0000-0125,33.8,Americano with Milk
2024-04-20,2024-04-20 13:08:37.378,card,ANON-0000-0000-0118,28.9,Americano
2024-04-20,2024-04-20 13:09:47.905,card,ANON-0000-0000-0118,33.8,Americano with Milk
2024-04-20,2024-04-20 13:10:55.151,card,ANON-0000-0000-0118,38.7,Hot Chocolate
2024-04-20,2024-04-20 14:44:18.118,card,ANON-0000-0000-0040,38.7,Cappuccino
2024-04-20,2024-04-20 15:11:00.330,card,ANON-0000-0000-0009,33.8,Americano with Milk
2024-04-20,2024-04-20 15:22:40.717,card,ANON-0000-0000-0012,32.82,Americano with Milk
2024-04-20,2024-04-20 15:49:25.148,card,ANON-0000-0000-0126,32.82,Americano with Milk
2024-04-20,2024-04-20 17:07:57.969,cash,,39.0,Cocoa
2024-04-20,2024-04-20 18:27:41.496,card,ANON-0000-0000-0127,37.72,Cappuccino
2024-04-20,2024-04-20 18:28:46.900,card,ANON-0000-0000-0127,37.72,Cappuccino
2024-04-20,2024-04-20 19:30:55.317,card,ANON-0000-0000-0128,37.72,Latte
2024-04-21,2024-04-21 11:16:45.707,card,ANON-0000-0000-0001,37.72,Latte
2024-04-21,2024-04-21 14:15:37.541,card,ANON-0000-0000-0099,27.92,Americano
2024-04-21,2024-04-21 17:09:03.199,cash,,39.0,Cappuccino
2024-04-22,2024-04-22 11:09:16.412,card,ANON-0000-0000-0012,27.92,Americano
2024-04-22,2024-04-22 11:29:27.099,card,ANON-0000-0000-0129,32.82,Americano with Milk
2024-04-22,2024-04-22 18:40:33.024,cash,,39.0,Latte
2024-04-22,2024-04-22 19:39:04.759,card,ANON-0000-0000-0009,37.72,Latte
2024-04-22,2024-04-22 20:02:29.165,cash,,39.0,Cappuccino
2024-04-23,2024-04-23 14:22:35.995,card,ANON-0000-0000-0025,37.72,Cappuccino
2024-04-23,2024-04-23 14:23:53.144,card,ANON-0000-0000-0024,32.82,Americano with Milk
2024-04-23,2024-04-23 14:24:57.515,card,ANON-0000-0000-0009,37.72,Cappuccino
2024-04-23,2024-04-23 19:42:27.765,card,ANON-0000-0000-0130,32.82,Americano with Milk
2024-04-23,2024-04-23 19:43:26.234,card,ANON-0000-0000-0130,32.82,Americano with Milk
2024-04-24,2024-04-24 10:19:38.346,card,ANON-0000-0000-0001,37.72,Latte
2024-04-24,2024-04-24 10:21:27.287,card,ANON-0000-0000-0131,32.82,Americano with Milk
2024-04-24,2024-04-24 11:23:46.102,card,ANON-0000-0000-0132,32.82,Americano with Milk
2024-04-24,2024-04-24 11:33:26.347,card,ANON-0000-0000-0133,32.82,Americano with Milk
2024-04-24,2024-04-24 12:39:09.298,card,ANON-0000-0000-0059,32.82,Americano with Milk
2024-04-24,2024-04-24 16:39:07.423,card,ANON-0000-0000-0009,32.82,Americano with Milk
2024-04-24,2024-04-24 19:39:49.983,card,ANON-0000-0000-0134,32.82,Americano with Milk
2024-04-24,2024-04-24 19:40:54.031,card,ANON-0000-0000-0134,37.72,Cappuccino
2024-04-25,2024-04-25 10:46:08.057,card,ANON-0000-0000-0135,27.92,Americano
2024-04-25,2024-04-25 15:18:26.971,card,ANON-0000-0000-0009,37.72,Latte
2024-04-25,2024-04-25 17:09:43.534,card,ANON-0000-0000-0012,27.92,Americano
2024-04-25,2024-04-25 17:10:49.153,card,ANON-0000-0000-0012,27.92,Americano
2024-04-26,2024-04-26 10:12:50.618,card,ANON-0000-0000-0001,37.72,Latte
2024-04-26,2024-04-26 12:01:30.580,card,ANON-0000-0000-0136,37.72,Latte
2024-04-26,2024-04-26 13:31:28.297,card,ANON-0000-0000-0137,37.72,Cappuccino
2024-04-26,2024-04-26 15:32:35.390,card,ANON-0000-0000-0012,27.92,Americano
2024-04-26,2024-04-26 15:33:33.132,card,ANON-0000-0000-0012,27.92,Americano
2024-04-26,2024-04-26 16:23:26.514,card,ANON-0000-0000-0138,27.92,Cortado
2024-04-26,2024-04-26 16:24:33.800,card,ANON-0000-0000-0139,27.92,Americano
2024-04-26,2024-04-26 19:32:07.112,card,ANON-0000-0000-0009,37.72,Hot Chocolate
2024-04-26,2024-04-26 19:33:30.220,card,ANON-0000-0000-0009,37.72,Cocoa
2024-04-27,2024-04-27 15:27:00.680,card,ANON-0000-0000-0009,37.72,Cappuccino
2024-04-28,2024-04-28 10:32:52.479,card,ANON-0000-0000-0001,37.72,Latte
2024-04-28,2024-04-28 12:30:09.749,card,ANON-0000-0000-0140,37.72,Cappuccino
2024-04-28,2024-04-28 18:27:08.230,card,ANON-0000-0000-0012,27.92,Americano
2024-04-28,2024-04-28 18:28:11.411,card,ANON-0000-0000-0012,27.92,Americano
2024-04-28,2024-04-28 18:29:02.374,card,ANON-0000-0000-0019,37.72,Latte
2024-04-29,2024-04-29 11:26:31.871,card,ANON-0000-0000-0141,27.92,Cortado
2024-04-29,2024-04-29 13:27:56.949,card,ANON-0000-0000-0003,27.92,Americano
2024-04-29,2024-04-29 13:28:53.899,card,ANON-0000-0000-0003,27.92,Cortado
2024-04-29,2024-04-29 13:53:35.730,card,ANON-0000-0000-0141,27.92,Cortado
2024-04-29,2024-04-29 13:54:24.357,card,ANON-0000-0000-0141,32.82,Americano with Milk
2024-04-29,2024-04-29 18:37:48.406,card,ANON-0000-0000-0140,37.72,Cappuccino
2024-04-29,2024-04-29 19:12:33.194,card,ANON-0000-0000-0134,37.72,Cappuccino
2024-04-29,2024-04-29 19:13:37.878,card,ANON-0000-0000-0134,37.72,Cappuccino
2024-04-30,2024-04-30 10:16:41.493,card,ANON-0000-0000-0142,37.72,Latte
2024-04-30,2024-04-30 10:34:52.250,card,ANON-0000-0000-0142,32.82,Americano with Milk
2024-04-30,2024-04-30 10:35:47.617,card,ANON-0000-0000-0142,32.82,Americano with Milk
2024-04-30,2024-04-30 13:41:52.325,card,ANON-0000-0000-0142,27.92,Americano
2024-04-30,2024-04-30 13:42:59.977,card,ANON-0000-0000-0142,32.82,Americano with Milk
2024-04-30,2024-04-30 19:19:18.139,card,ANON-0000-0000-0142,37.72,Cappuccino
2024-04-30,2024-04-30 19:30:04.003,card,ANON-0000-0000-0142,32.82,Americano with Milk
2024-04-30,2024-04-30 19:31:20.952,card,ANON-0000-0000-0142,37.72,Latte
2024-05-02,2024-05-02 10:33:55.746,card,ANON-0000-0000-0143,27.92,Americano
2024-05-02,2024-05-02 11:29:57.080,cash,,39.0,Latte
2024-05-02,2024-05-02 13:49:39.898,card,ANON-0000-0000-0133,32.82,Americano with Milk
2024-05-02,2024-05-02 18:36:22.138,card,ANON-0000-0000-0144,37.72,Cappuccino
2024-05-02,2024-05-02 18:41:11.220,card,ANON-0000-0000-0024,32.82,Americano with Milk
2024-05-02,2024-05-02 19:18:33.084,card,ANON-0000-0000-0145,37.72,Latte
2024-05-02,2024-05-02 19:19:56.359,card,ANON-0000-0000-0145,37.72,Cappuccino
2024-05-03,2024-05-03 10:11:53.399,cash,,39.0,Latte
2024-05-03,2024-05-03 14:30:00.923,card,ANON-0000-0000-0146,37.72,Latte
2024-05-03,2024-05-03 17:03:24.905,card,ANON-0000-0000-0147,37.72,Latte
2024-05-06,2024-05-06 10:05:17.920,card,ANON-0000-0000-0148,27.92,Americano
2024-05-06,2024-05-06 10:06:51.625,card,ANON-0000-0000-0149,37.72,Cappuccino
2024-05-06,2024-05-06 10:08:05.863,card,ANON-0000-0000-0149,32.82,Americano with Milk
2024-05-06,2024-05-06 10:09:07.977,card,ANON-0000-0000-0150,27.92,Americano
2024-05-06,2024-05-06 10:39:12.641,card,ANON-0000-0000-0141,27.92,Cortado
2024-05-06,2024-05-06 11:34:20.640,cash,,29.0,Americano
2024-05-06,2024-05-06 13:18:10.990,card,ANON-0000-0000-0148,27.92,Cortado
2024-05-06,2024-05-06 13:19:00.811,card,ANON-0000-0000-0148,27.92,Americano
2024-05-06,2024-05-06 19:18:12.989,card,ANON-0000-0000-0151,37.72,Cappuccino
2024-05-06,2024-05-06 19:19:49.548,card,ANON-0000-0000-0151,37.72,Cappuccino
2024-05-07,2024-05-07 10:44:55.582,card,ANON-0000-0000-0148,37.72,Cocoa
2024-05-07,2024-05-07 11:21:58.493,card,ANON-0000-0000-0141,27.92,Cortado
2024-05-07,2024-05-07 13:23:34.943,card,ANON-0000-0000-0077,27.92,Cortado
2024-05-07,2024-05-07 16:42:07.900,card,ANON-0000-0000-0148,37.72,Cocoa
2024-05-07,2024-05-07 16:55:38.805,card,ANON-0000-0000-0152,27.92,Americano
2024-05-07,2024-05-07 17:37:46.412,card,ANON-0000-0000-0153,37.72,Cappuccino
2024-05-07,2024-05-07 17:38:48.195,card,ANON-0000-0000-0153,37.72,Latte
2024-05-07,2024-05-07 18:35:37.235,cash,,34.0,Americano with Milk
2024-05-07,2024-05-07 19:12:12.524,card,ANON-0000-0000-0154,37.72,Cappuccino
2024-05-07,2024-05-07 19:13:12.195,card,ANON-0000-0000-0154,37.72,Cappuccino
2024-05-08,2024-05-08 10:07:28.863,card,ANON-0000-0000-0001,37.72,Latte
2024-05-09,2024-05-09 12:54:21.812,card,ANON-0000-0000-0155,37.72,Cappuccino
2024-05-09,2024-05-09 13:03:58.556,card,ANON-0000-0000-0156,27.92,Americano
2024-05-09,2024-05-09 13:04:57.647,card,ANON-0000-0000-0156,37.72,Latte
2024-05-09,2024-05-09 13:06:11.261,card,ANON-0000-0000-0156,37.72,Latte
2024-05-09,2024-05-09 13:07:16.409,card,ANON-0000-0000-0156,37.72,Latte
2024-05-09,2024-05-09 16:55:14.601,card,ANON-0000-0000-0118,27.92,Americano
2024-05-09,2024-05-09 16:56:14.989,card,ANON-0000-0000-0118,27.92,Americano
2024-05-09,2024-05-09 18:01:29.895,card,ANON-0000-0000-0157,27.92,Americano
2024-05-09,2024-05-09 18:13:56.226,card,ANON-0000-0000-0143,32.82,Americano with Milk
2024-05-10,2024-05-10 10:09:21.972,cash,,39.0,Latte
2024-05-10,2024-05-10 15:46:21.511,card,ANON-0000-0000-0158,37.72,Latte
2024-05-10,2024-05-10 15:47:32.508,card,ANON-0000-0000-0158,37.72,Latte
2024-05-10,2024-05-10 16:20:15.084,cash,,34.0,Americano with Milk
2024-05-11,2024-05-11 11:39:52.878,card,ANON-0000-0000-0069,37.72,Latte
2024-05-11,2024-05-11 17:02:43.648,cash,,39.0,Latte
2024-05-11,2024-05-11 17:20:30.398,card,ANON-0000-0000-0009,32.82,Americano with Milk
2024-05-11,2024-05-11 17:21:56.117,card,ANON-0000-0000-0026,37.72,Cocoa
2024-05-11,2024-05-11 17:23:57.301,card,ANON-0000-0000-0040,37.72,Cappuccino
2024-05-11,2024-05-11 17:28:54.132,card,ANON-0000-0000-0012,32.82,Americano with Milk
2024-05-11,2024-05-11 18:35:40.257,card,ANON-0000-0000-0115,37.72,Cappuccino
2024-05-11,2024-05-11 19:38:16.096,card,ANON-0000-0000-0159,37.72,Latte
2024-05-12,2024-05-12 10:20:42.512,card,ANON-0000-0000-0001,37.72,Latte
2024-05-12,2024-05-12 13:24:03.465,card,ANON-0000-0000-0160,37.72,Latte
2024-05-12,2024-05-12 13:27:39.043,card,ANON-0000-0000-0161,27.92,Americano
2024-05-12,2024-05-12 15:16:19.815,card,ANON-0000-0000-0077,37.72,Latte
2024-05-12,2024-05-12 15:38:02.422,card,ANON-0000-0000-0162,32.82,Americano with Milk
2024-05-12,2024-05-12 15:52:14.871,card,ANON-0000-0000-0163,32.82,Americano with Milk
2024-05-12,2024-05-12 16:04:21.133,card,ANON-0000-0000-0012,32.82,Americano with Milk
2024-05-12,2024-05-12 19:41:30.569,card,ANON-0000-0000-0009,32.82,Americano with Milk
2024-05-13,2024-05-13 11:03:53.348,card,ANON-0000-0000-0164,32.82,Americano with Milk
2024-05-13,2024-05-13 15:31:10.763,cash,,29.0,Americano
2024-05-13,2024-05-13 15:31:50.907,cash,,29.0,Americano
2024-05-14,2024-05-14 08:38:14.581,card,ANON-0000-0000-0012,27.92,Americano
2024-05-14,2024-05-14 08:39:25.455,card,ANON-0000-0000-0012,27.92,Americano
2024-05-14,2024-05-14 08:40:17.484,card,ANON-0000-0000-0012,27.92,Americano
2024-05-14,2024-05-14 10:19:23.174,card,ANON-0000-0000-0012,37.72,Cappuccino
2024-05-14,2024-05-14 11:32:29.372,card,ANON-0000-0000-0165,37.72,Latte
2024-05-14,2024-05-14 11:34:12.851,card,ANON-0000-0000-0165,37.72,Cappuccino
2024-05-14,2024-05-14 14:04:54.580,card,ANON-0000-0000-0025,37.72,Cappuccino
2024-05-14,2024-05-14 14:06:00.378,card,ANON-0000-0000-0009,32.82,Americano with Milk
2024-05-14,2024-05-14 15:01:54.785,card,ANON-0000-0000-0040,27.92,Americano
2024-05-14,2024-05-14 16:57:57.224,card,ANON-0000-0000-0166,32.82,Americano with Milk
2024-05-14,2024-05-14 16:59:10.194,card,ANON-0000-0000-0166,37.72,Cappuccino
2024-05-14,2024-05-14 22:51:25.227,card,ANON-0000-0000-0167,37.72,Hot Chocolate
2024-05-15,2024-05-15 08:40:05.661,card,ANON-0000-0000-0168,37.72,Latte
2024-05-15,2024-05-15 11:14:19.353,card,ANON-0000-0000-0012,23.02,Espresso
2024-05-15,2024-05-15 11:19:10.049,card,ANON-0000-0000-0012,27.92,Americano
2024-05-15,2024-05-15 13:34:35.102,card,ANON-0000-0000-0003,27.92,Americano
2024-05-15,2024-05-15 13:35:29.171,card,ANON-0000-0000-0003,27.92,Americano
2024-05-15,2024-05-15 13:36:27.339,card,ANON-0000-0000-0003,27.92,Americano
2024-05-15,2024-05-15 13:55:28.999,card,ANON-0000-0000-0164,32.82,Americano with Milk
2024-05-15,2024-05-15 14:38:10.847,cash,,29.0,Americano
2024-05-15,2024-05-15 14:38:52.347,card,ANON-0000-0000-0169,27.92,Cortado
2024-05-15,2024-05-15 14:39:44.367,card,ANON-0000-0000-0012,27.92,Cortado
2024-05-15,2024-05-15 17:28:58.620,card,ANON-0000-0000-0170,23.02,Espresso
2024-05-15,2024-05-15 20:20:34.769,card,ANON-0000-0000-0171,37.72,Cappuccino
2024-05-16,2024-05-16 10:38:42.458,card,ANON-0000-0000-0097,32.82,Americano with Milk
2024-05-16,2024-05-16 10:39:49.431,card,ANON-0000-0000-0172,32.82,Americano with Milk
2024-05-16,2024-05-16 11:42:50.285,cash,,39.0,Latte
2024-05-16,2024-05-16 11:44:20.811,cash,,39.0,Cappuccino
2024-05-16,2024-05-16 12:14:00.097,card,ANON-0000-0000-0173,32.82,Americano with Milk
2024-05-16,2024-05-16 15:15:16.315,card,ANON-0000-0000-0174,37.72,Hot Chocolate
2024-05-16,2024-05-16 17:44:31.548,card,ANON-0000-0000-0069,37.72,Latte
2024-05-16,2024-05-16 18:12:56.934,card,ANON-0000-0000-0175,37.72,Hot Chocolate
2024-05-16,2024-05-16 18:13:58.191,card,ANON-0000-0000-0175,37.72,Latte
2024-05-17,2024-05-17 09:00:48.456,card,ANON-0000-0000-0033,27.92,Americano
2024-05-17,2024-05-17 11:30:27.553,card,ANON-0000-0000-0164,32.82,Americano with Milk
2024-05-17,2024-05-17 14:58:03.060,cash,,34.0,Americano with Milk
2024-05-17,2024-05-17 19:55:18.534,card,ANON-0000-0000-0012,32.82,Americano with Milk
2024-05-17,2024-05-17 19:56:46.751,card,ANON-0000-0000-0009,37.72,Cappuccino
2024-05-17,2024-05-17 20:37:52.930,card,ANON-0000-0000-0176,37.72,Cappuccino
2024-05-17,2024-05-17 22:34:50.797,card,ANON-0000-0000-0177,27.92,Americano
2024-05-17,2024-05-17 22:36:33.357,card,ANON-0000-0000-0178,37.72,Latte
2024-05-17,2024-05-17 22:37:42.821,card,ANON-0000-0000-0179,37.72,Latte
2024-05-18,2024-05-18 08:01:37.898,card,ANON-0000-0000-0180,37.72,Cappuccino
2024-05-18,2024-05-18 08:02:39.959,card,ANON-0000-0000-0180,37.72,Cappuccino
2024-05-18,2024-05-18 11:15:56.089,card,ANON-0000-0000-0181,32.82,Americano with Milk
2024-05-18,2024-05-18 16:48:29.374,card,ANON-0000-0000-0172,32.82,Americano with Milk
2024-05-18,2024-05-18 16:49:27.131,card,ANON-0000-0000-0097,32.82,Americano with Milk
2024-05-18,2024-05-18 19:58:44.210,card,ANON-0000-0000-0040,32.82,Americano with Milk
2024-05-18,2024-05-18 20:22:53.111,card,ANON-0000-0000-0009,37.72,Latte
2024-05-18,2024-05-18 22:05:27.473,cash,,39.0,Cappuccino
2024-05-19,2024-05-19 07:58:38.312,card,ANON-0000-0000-0182,27.92,Americano
2024-05-19,2024-05-19 07:59:33.549,card,ANON-0000-0000-0182,27.92,Americano
2024-05-19,2024-05-19 08:00:35.061,card,ANON-0000-0000-0183,37.72,Cappuccino
2024-05-19,2024-05-19 09:28:49.723,cash,,24.0,Espresso
2024-05-19,2024-05-19 12:14:26.676,card,ANON-0000-0000-0184,32.82,Americano with Milk
2024-05-19,2024-05-19 14:43:40.049,card,ANON-0000-0000-0012,27.92,Americano
2024-05-19,2024-05-19 15:58:58.192,card,ANON-0000-0000-0185,32.82,Americano with Milk
2024-05-19,2024-05-19 18:12:36.304,card,ANON-0000-0000-0186,32.82,Americano with Milk
2024-05-19,2024-05-19 18:13:47.762,card,ANON-0000-0000-0186,23.02,Espresso
2024-05-19,2024-05-19 18:16:30.022,card,ANON-0000-0000-0186,37.72,Hot Chocolate
2024-05-19,2024-05-19 19:51:06.979,card,ANON-0000-0000-0187,37.72,Cappuccino
2024-05-19,2024-05-19 21:15:41.761,card,ANON-0000-0000-0188,37.72,Cappuccino
2024-05-19,2024-05-19 21:18:36.101,card,ANON-0000-0000-0189,37.72,Cappuccino
2024-05-20,2024-05-20 10:05:59.163,card,ANON-0000-0000-0190,32.82,Americano with Milk
2024-05-20,2024-05-20 10:17:51.867,card,ANON-0000-0000-0191,37.72,Latte
2024-05-20,2024-05-20 10:58:48.379,card,ANON-0000-0000-0001,37.72,Latte
2024-05-20,2024-05-20 11:15:16.363,card,ANON-0000-0000-0143,27.92,Americano
2024-05-20,2024-05-20 11:16:19.637,card,ANON-0000-0000-0143,27.92,Americano
2024-05-20,2024-05-20 13:27:13.420,card,ANON-0000-0000-0003,27.92,Americano
2024-05-20,2024-05-20 13:28:10.440,card,ANON-0000-0000-0003,27.92,Americano
2024-05-20,2024-05-20 14:13:19.017,card,ANON-0000-0000-0192,32.82,Americano with Milk
2024-05-20,2024-05-20 14:14:31.354,card,ANON-0000-0000-0192,37.72,Cappuccino
2024-05-20,2024-05-20 14:32:21.252,cash,,29.0,Americano
2024-05-20,2024-05-20 17:12:51.121,card,ANON-0000-0000-0120,37.72,Latte
2024-05-20,2024-05-20 17:13:56.897,card,ANON-0000-0000-0193,37.72,Latte
2024-05-20,2024-05-20 20:36:48.320,card,ANON-0000-0000-0194,32.82,Americano with Milk
2024-05-20,2024-05-20 20:37:57.316,card,ANON-0000-0000-0194,37.72,Cocoa
2024-05-20,2024-05-20 20:46:52.085,card,ANON-0000-0000-0195,27.92,Cortado
2024-05-20,2024-05-20 21:36:53.986,card,ANON-0000-0000-0012,32.82,Americano with Milk
2024-05-20,2024-05-20 21:37:57.777,card,ANON-0000-0000-0012,32.82,Americano with Milk
2024-05-21,2024-05-21 08:27:38.230,card,ANON-0000-0000-0196,37.72,Latte
2024-05-21,2024-05-21 09:43:50.690,cash,,29.0,Americano
2024-05-21,2024-05-21 09:44:40.309,cash,,34.0,Americano with Milk
2024-05-21,2024-05-21 09:46:09.430,cash,,39.0,Cocoa
2024-05-21,2024-05-21 10:05:08.033,cash,,39.0,Latte
2024-05-21,2024-05-21 16:10:19.956,card,ANON-0000-0000-0197,37.72,Latte
2024-05-21,2024-05-21 18:13:23.998,card,ANON-0000-0000-0012,23.02,Espresso
2024-05-21,2024-05-21 19:11:09.212,card,ANON-0000-0000-0198,37.72,Cappuccino
2024-05-21,2024-05-21 20:13:48.358,card,ANON-0000-0000-0199,37.72,Cappuccino
2024-05-22,2024-05-22 09:34:41.818,card,ANON-0000-0000-0200,37.72,Cappuccino
2024-05-22,2024-05-22 10:49:47.044,card,ANON-0000-0000-0191,32.82,Americano with Milk
2024-05-22,2024-05-22 11:18:14.265,card,ANON-0000-0000-0141,27.92,Cortado
2024-05-22,2024-05-22 11:34:54.968,card,ANON-0000-0000-0097,32.82,Americano with Milk
2024-05-22,2024-05-22 12:29:50.841,card,ANON-0000-0000-0012,27.92,Americano
2024-05-22,2024-05-22 12:30:43.347,card,ANON-0000-0000-0012,27.92,Americano
2024-05-22,2024-05-22 14:00:20.499,card,ANON-0000-0000-0009,32.82,Americano with Milk
2024-05-22,2024-05-22 19:24:58.098,card,ANON-0000-0000-0134,37.72,Cappuccino
2024-05-22,2024-05-22 19:25:58.574,card,ANON-0000-0000-0134,37.72,Cappuccino
2024-05-22,2024-05-22 21:23:53.000,card,ANON-0000-0000-0180,37.72,Hot Chocolate
2024-05-22,2024-05-22 21:24:49.584,card,ANON-0000-0000-0180,37.72,Cappuccino
2024-05-23,2024-05-23 10:10:19.640,card,ANON-0000-0000-0201,37.72,Cappuccino
2024-05-23,2024-05-23 12:22:06.605,card,ANON-0000-0000-0202,23.02,Espresso
2024-05-23,2024-05-23 15:55:16.628,card,ANON-0000-0000-0180,37.72,Cappuccino
2024-05-23,2024-05-23 15:56:27.237,card,ANON-0000-0000-0203,37.72,Cappuccino
2024-05-23,2024-05-23 16:18:14.053,card,ANON-0000-0000-0180,37.72,Cappuccino
2024-05-23,2024-05-23 16:41:00.043,card,ANON-0000-0000-0077,37.72,Latte
2024-05-23,2024-05-23 17:14:33.237,card,ANON-0000-0000-0153,37.72,Cappuccino
2024-05-23,2024-05-23 17:15:44.861,card,ANON-0000-0000-0153,37.72,Latte
2024-05-23,2024-05-23 19:03:53.856,card,ANON-0000-0000-0204,27.92,Cortado
2024-05-23,2024-05-23 19:17:28.431,card,ANON-0000-0000-0134,37.72,Cappuccino
2024-05-23,2024-05-23 19:18:26.418,card,ANON-0000-0000-0205,37.72,Cappuccino
2024-05-23,2024-05-23 19:42:31.546,card,ANON-0000-0000-0206,37.72,Cappuccino
2024-05-23,2024-05-23 20:15:01.429,card,ANON-0000-0000-0207,37.72,Cappuccino
2024-05-23,2024-05-23 20:16:24.205,card,ANON-0000-0000-0207,37.72,Latte
2024-05-23,2024-05-23 22:48:10.813,card,ANON-0000-0000-0208,32.82,Americano with Milk
2024-05-23,2024-05-23 22:55:36.926,cash,,39.0,Hot Chocolate
2024-05-24,2024-05-24 11:11:59.182,card,ANON-0000-0000-0141,27.92,Cortado
2024-05-24,2024-05-24 11:15:08.341,card,ANON-0000-0000-0012,27.92,Americano
2024-05-24,2024-05-24 11:16:13.016,card,ANON-0000-0000-0012,27.92,Americano
2024-05-24,2024-05-24 16:07:19.816,card,ANON-0000-0000-0081,37.72,Hot Chocolate
2024-05-24,2024-05-24 18:17:40.330,card,ANON-0000-0000-0209,27.92,Cortado
2024-05-24,2024-05-24 18:18:36.698,card,ANON-0000-0000-0209,27.92,Cortado
2024-05-24,2024-05-24 22:30:40.198,card,ANON-0000-0000-0210,32.82,Americano with Milk
2024-05-25,2024-05-25 07:40:58.818,cash,,29.0,Americano
2024-05-25,2024-05-25 12:13:53.388,card,ANON-0000-0000-0211,37.72,Latte
2024-05-25,2024-05-25 12:40:23.587,cash,,29.0,Americano
2024-05-25,2024-05-25 12:42:10.258,card,ANON-0000-0000-0212,32.82,Americano with Milk
2024-05-25,2024-05-25 12:43:13.275,card,ANON-0000-0000-0212,32.82,Americano with Milk
2024-05-25,2024-05-25 12:58:12.049,card,ANON-0000-0000-0213,32.82,Americano with Milk
2024-05-25,2024-05-25 16:47:09.557,card,ANON-0000-0000-0040,32.82,Americano with Milk
2024-05-25,2024-05-25 16:48:16.834,card,ANON-0000-0000-0040,27.92,Americano
2024-05-26,2024-05-26 10:20:02.233,card,ANON-0000-0000-0001,37.72,Latte
2024-05-26,2024-05-26 14:24:49.812,card,ANON-0000-0000-0214,32.82,Americano with Milk
2024-05-26,2024-05-26 14:26:05.248,card,ANON-0000-0000-0215,27.92,Cortado
2024-05-26,2024-05-26 14:40:58.882,card,ANON-0000-0000-0216,32.82,Americano with Milk
2024-05-26,2024-05-26 17:19:15.521,card,ANON-0000-0000-0217,37.72,Cappuccino
2024-05-26,2024-05-26 18:09:52.843,card,ANON-0000-0000-0218,37.72,Hot Chocolate
2024-05-26,2024-05-26 18:11:02.204,card,ANON-0000-0000-0218,37.72,Hot Chocolate
2024-05-26,2024-05-26 18:13:14.299,card,ANON-0000-0000-0218,27.92,Americano
2024-05-26,2024-05-26 18:39:18.794,card,ANON-0000-0000-0219,37.72,Latte
2024-05-26,2024-05-26 20:59:14.954,card,ANON-0000-0000-0220,37.72,Hot Chocolate
2024-05-26,2024-05-26 21:00:05.568,card,ANON-0000-0000-0220,37.72,Cappuccino
2024-05-26,2024-05-26 21:02:36.935,card,ANON-0000-0000-0221,27.92,Cortado
2024-05-26,2024-05-26 21:03:51.772,card,ANON-0000-0000-0222,37.72,Cappuccino
2024-05-26,2024-05-26 21:04:58.824,card,ANON-0000-0000-0221,37.72,Latte
2024-05-26,2024-05-26 21:06:02.621,card,ANON-0000-0000-0223,37.72,Cappuccino
2024-05-27,2024-05-27 11:34:55.252,card,ANON-0000-0000-0012,27.92,Americano
2024-05-27,2024-05-27 14:05:21.688,card,ANON-0000-0000-0224,32.82,Americano with Milk
2024-05-27,2024-05-27 14:06:43.564,card,ANON-0000-0000-0224,37.72,Cocoa
2024-05-27,2024-05-27 15:11:34.061,card,ANON-0000-0000-0225,27.92,Americano
2024-05-27,2024-05-27 15:14:05.788,card,ANON-0000-0000-0225,27.92,Americano
2024-05-27,2024-05-27 17:50:55.763,card,ANON-0000-0000-0203,37.72,Latte
2024-05-27,2024-05-27 18:00:50.983,card,ANON-0000-0000-0226,27.92,Americano
2024-05-27,2024-05-27 19:16:27.404,card,ANON-0000-0000-0227,37.72,Latte
2024-05-27,2024-05-27 19:17:38.729,card,ANON-0000-0000-0228,37.72,Latte
2024-05-27,2024-05-27 21:29:07.085,card,ANON-0000-0000-0192,32.82,Americano with Milk
2024-05-27,2024-05-27 21:30:19.772,card,ANON-0000-0000-0206,37.72,Cappuccino
2024-05-28,2024-05-28 08:37:09.028,card,ANON-0000-0000-0012,32.82,Americano with Milk
2024-05-28,2024-05-28 09:20:10.736,card,ANON-0000-0000-0097,32.82,Americano with Milk
2024-05-28,2024-05-28 11:48:18.494,card,ANON-0000-0000-0229,37.72,Cappuccino
2024-05-28,2024-05-28 13:14:40.435,card,ANON-0000-0000-0230,37.72,Cappuccino
2024-05-28,2024-05-28 14:10:53.691,card,ANON-0000-0000-0194,37.72,Cocoa
2024-05-28,2024-05-28 16:25:39.330,card,ANON-0000-0000-0141,27.92,Cortado
2024-05-28,2024-05-28 17:21:43.967,cash,,39.0,Cappuccino
2024-05-28,2024-05-28 19:09:29.069,card,ANON-0000-0000-0231,27.92,Americano
2024-05-28,2024-05-28 19:10:31.070,card,ANON-0000-0000-0231,37.72,Latte
2024-05-28,2024-05-28 20:24:32.205,card,ANON-0000-0000-0009,32.82,Americano with Milk
2024-05-28,2024-05-28 20:50:19.449,card,ANON-0000-0000-0012,27.92,Americano
2024-05-29,2024-05-29 09:14:43.704,card,ANON-0000-0000-0232,37.72,Latte
2024-05-29,2024-05-29 10:48:46.781,cash,,39.0,Latte
2024-05-29,2024-05-29 11:14:02.855,card,ANON-0000-0000-0233,37.72,Hot Chocolate
2024-05-29,2024-05-29 15:10:48.545,card,ANON-0000-0000-0234,27.92,Americano
2024-05-29,2024-05-29 15:22:56.321,card,ANON-0000-0000-0235,37.72,Latte
2024-05-29,2024-05-29 15:45:12.738,card,ANON-0000-0000-0236,37.72,Cappuccino
2024-05-29,2024-05-29 16:45:03.950,card,ANON-0000-0000-0237,37.72,Latte
2024-05-29,2024-05-29 18:24:03.334,card,ANON-0000-0000-0238,27.92,Cortado
2024-05-29,2024-05-29 18:24:59.311,card,ANON-0000-0000-0238,37.72,Latte
2024-05-29,2024-05-29 20:30:42.240,card,ANON-0000-0000-0239,37.72,Hot Chocolate
2024-05-29,2024-05-29 20:32:35.200,card,ANON-0000-0000-0240,37.72,Cocoa
2024-05-30,2024-05-30 08:29:06.277,card,ANON-0000-0000-0241,37.72,Cappuccino
2024-05-30,2024-05-30 08:30:21.586,card,ANON-0000-0000-0241,37.72,Latte
2024-05-30,2024-05-30 08:37:05.382,card,ANON-0000-0000-0242,32.82,Americano with Milk
2024-05-30,2024-05-30 09:47:59.092,card,ANON-0000-0000-0001,37.72,Latte
2024-05-30,2024-05-30 14:56:15.473,card,ANON-0000-0000-0097,32.82,Americano with Milk
2024-05-30,2024-05-30 15:16:15.665,card,ANON-0000-0000-0243,23.02,Espresso
2024-05-30,2024-05-30 15:17:38.656,card,ANON-0000-0000-0012,23.02,Espresso
2024-05-30,2024-05-30 19:53:11.189,card,ANON-0000-0000-0206,37.72,Cappuccino
2024-05-30,2024-05-30 20:31:05.430,card,ANON-0000-0000-0244,37.72,Latte
2024-05-30,2024-05-30 20:46:13.835,card,ANON-0000-0000-0009,37.72,Hot Chocolate
2024-05-30,2024-05-30 20:47:21.586,card,ANON-0000-0000-0009,32.82,Americano with Milk
2024-05-31,2024-05-31 07:53:57.274,card,ANON-0000-0000-0245,32.82,Americano with Milk
2024-05-31,2024-05-31 09:21:07.821,card,ANON-0000-0000-0246,37.72,Latte
2024-05-31,2024-05-31 09:23:58.791,cash,,39.0,Latte
2024-05-31,2024-05-31 10:38:07.861,card,ANON-0000-0000-0247,37.72,Hot Chocolate
2024-05-31,2024-05-31 10:39:06.136,card,ANON-0000-0000-0248,37.72,Cocoa
2024-05-31,2024-05-31 14:50:12.976,card,ANON-0000-0000-0249,32.82,Americano with Milk
2024-05-31,2024-05-31 18:23:44.636,card,ANON-0000-0000-0250,37.72,Latte
2024-05-31,2024-05-31 18:25:03.271,card,ANON-0000-0000-0250,37.72,Latte
2024-05-31,2024-05-31 20:06:39.166,card,ANON-0000-0000-0180,37.72,Cappuccino
2024-05-31,2024-05-31 20:33:06.403,card,ANON-0000-0000-0134,32.82,Americano with Milk
2024-05-31,2024-05-31 20:34:32.903,card,ANON-0000-0000-0134,37.72,Latte
2024-05-31,2024-05-31 22:05:47.070,card,ANON-0000-0000-0206,37.72,Cappuccino
2024-05-31,2024-05-31 22:06:52.490,card,ANON-0000-0000-0206,32.82,Americano with Milk
2024-05-31,2024-05-31 22:07:55.368,card,ANON-0000-0000-0206,27.92,Cortado
2024-06-01,2024-06-01 08:27:01.745,card,ANON-0000-0000-0141,27.92,Cortado
2024-06-01,2024-06-01 09:48:24.750,card,ANON-0000-0000-0232,37.72,Latte
2024-06-01,2024-06-01 11:38:09.371,card,ANON-0000-0000-0250,37.72,Latte
2024-06-01,2024-06-01 14:28:53.739,card,ANON-0000-0000-0097,32.82,Americano with Milk
2024-06-01,2024-06-01 18:20:12.780,card,ANON-0000-0000-0251,32.82,Americano with Milk
2024-06-01,2024-06-01 18:21:15.363,card,ANON-0000-0000-0251,32.82,Americano with Milk
2024-06-01,2024-06-01 20:50:10.488,card,ANON-0000-0000-0154,37.72,Cappuccino
2024-06-01,2024-06-01 20:51:13.565,card,ANON-0000-0000-0154,37.72,Cappuccino
2024-06-01,2024-06-01 20:54:59.267,cash,,39.0,Cocoa
2024-06-01,2024-06-01 20:59:09.689,card,ANON-0000-0000-0252,37.72,Cocoa
2024-06-01,2024-06-01 21:51:04.971,card,ANON-0000-0000-0009,32.82,Americano with Milk
2024-06-02,2024-06-02 20:03:25.799,card,ANON-0000-0000-0009,37.72,Latte
2024-06-02,2024-06-02 20:24:02.449,card,ANON-0000-0000-0040,32.82,Americano with Milk
2024-06-02,2024-06-02 20:25:07.238,card,ANON-0000-0000-0040,37.72,Cappuccino
2024-06-02,2024-06-02 21:07:20.531,card,ANON-0000-0000-0097,32.82,Americano with Milk
2024-06-02,2024-06-02 21:30:12.430,card,ANON-0000-0000-0253,37.72,Latte
2024-06-02,2024-06-02 22:43:10.636,cash,,34.0,Americano with Milk
2024-06-03,2024-06-03 10:12:04.141,card,ANON-0000-0000-0001,37.72,Latte
2024-06-03,2024-06-03 10:27:49.797,card,ANON-0000-0000-0191,37.72,Latte
2024-06-03,2024-06-03 14:31:42.338,card,ANON-0000-0000-0025,37.72,Cappuccino
2024-06-03,2024-06-03 14:33:00.952,card,ANON-0000-0000-0024,32.82,Americano with Milk
2024-06-03,2024-06-03 14:34:06.922,card,ANON-0000-0000-0009,37.72,Latte
2024-06-03,2024-06-03 21:42:51.734,cash,,34.0,Americano with Milk
2024-06-03,2024-06-03 21:43:37.471,cash,,34.0,Americano with Milk
2024-06-04,2024-06-04 09:23:42.898,card,ANON-0000-0000-0141,27.92,Cortado
2024-06-04,2024-06-04 10:27:13.975,card,ANON-0000-0000-0097,32.82,Americano with Milk
2024-06-04,2024-06-04 12:02:10.213,card,ANON-0000-0000-0254,37.72,Latte
2024-06-04,2024-06-04 12:05:29.186,card,ANON-0000-0000-0254,37.72,Hot Chocolate
2024-06-04,2024-06-04 15:30:32.455,card,ANON-0000-0000-0255,37.72,Latte
2024-06-04,2024-06-04 17:46:36.661,card,ANON-0000-0000-0192,27.92,Cortado
2024-06-04,2024-06-04 17:47:28.847,card,ANON-0000-0000-0192,37.72,Cappuccino
2024-06-04,2024-06-04 20:13:01.204,card,ANON-0000-0000-0256,37.72,Hot Chocolate
2024-06-04,2024-06-04 20:50:33.896,card,ANON-0000-0000-0257,37.72,Cappuccino
2024-06-04,2024-06-04 21:31:58.908,card,ANON-0000-0000-0258,27.92,Cortado
2024-06-04,2024-06-04 21:33:02.621,card,ANON-0000-0000-0259,32.82,Americano with Milk
2024-06-04,2024-06-04 21:34:55.667,card,ANON-0000-0000-0260,32.82,Americano with Milk
2024-06-04,2024-06-04 21:36:06.924,card,ANON-0000-0000-0260,32.82,Americano with Milk
2024-06-04,2024-06-04 21:37:15.164,card,ANON-0000-0000-0260,32.82,Americano with Milk
2024-06-05,2024-06-05 08:21:48.964,card,ANON-0000-0000-0261,37.72,Cappuccino
2024-06-05,2024-06-05 08:23:06.723,card,ANON-0000-0000-0261,37.72,Cappuccino
2024-06-05,2024-06-05 09:22:43.108,card,ANON-0000-0000-0262,27.92,Americano
2024-06-05,2024-06-05 10:28:50.620,card,ANON-0000-0000-0001,37.72,Latte
2024-06-05,2024-06-05 10:40:53.188,card,ANON-0000-0000-0097,32.82,Americano with Milk
2024-06-05,2024-06-05 19:43:57.675,card,ANON-0000-0000-0263,32.82,Americano with Milk
2024-06-05,2024-06-05 19:59:53.527,card,ANON-0000-0000-0264,37.72,Latte
2024-06-05,2024-06-05 20:10:47.623,card,ANON-0000-0000-0220,37.72,Cocoa
2024-06-05,2024-06-05 20:12:01.658,card,ANON-0000-0000-0220,27.92,Cortado
2024-06-06,2024-06-06 08:52:56.351,card,ANON-0000-0000-0097,32.82,Americano with Milk
2024-06-06,2024-06-06 08:54:08.455,card,ANON-0000-0000-0097,32.82,Americano with Milk
2024-06-06,2024-06-06 10:36:09.667,card,ANON-0000-0000-0001,37.72,Latte
2024-06-06,2024-06-06 12:17:41.474,card,ANON-0000-0000-0265,27.92,Americano
2024-06-06,2024-06-06 15:11:14.185,card,ANON-0000-0000-0224,32.82,Americano with Milk
2024-06-06,2024-06-06 15:24:06.221,card,ANON-0000-0000-0266,37.72,Cappuccino
2024-06-06,2024-06-06 21:14:05.102,card,ANON-0000-0000-0267,37.72,Latte
2024-06-06,2024-06-06 21:15:42.227,card,ANON-0000-0000-0267,37.72,Latte
2024-06-06,2024-06-06 21:18:26.713,card,ANON-0000-0000-0206,37.72,Cappuccino
2024-06-06,2024-06-06 21:19:30.436,card,ANON-0000-0000-0206,32.82,Americano with Milk
2024-06-06,2024-06-06 21:21:04.440,card,ANON-0000-0000-0267,37.72,Latte
2024-06-07,2024-06-07 08:18:04.296,card,ANON-0000-0000-0268,37.72,Cappuccino
2024-06-07,2024-06-07 10:35:28.104,card,ANON-0000-0000-0269,23.02,Espresso
2024-06-07,2024-06-07 13:34:18.297,card,ANON-0000-0000-0164,32.82,Americano with Milk
2024-06-07,2024-06-07 16:45:42.218,card,ANON-0000-0000-0270,27.92,Cortado
2024-06-07,2024-06-07 16:47:15.481,card,ANON-0000-0000-0270,27.92,Cortado
2024-06-08,2024-06-08 09:04:20.016,card,ANON-0000-0000-0271,27.92,Cortado
2024-06-08,2024-06-08 09:26:11.160,card,ANON-0000-0000-0097,32.82,Americano with Milk
2024-06-08,2024-06-08 20:24:54.320,card,ANON-0000-0000-0134,37.72,Cappuccino
2024-06-08,2024-06-08 20:25:56.316,card,ANON-0000-0000-0134,37.72,Cappuccino
2024-06-09,2024-06-09 08:15:52.760,card,ANON-0000-0000-0097,37.72,Latte
2024-06-09,2024-06-09 10:30:04.461,card,ANON-0000-0000-0272,37.72,Latte
2024-06-09,2024-06-09 10:52:05.797,card,ANON-0000-0000-0273,37.72,Cappuccino
2024-06-09,2024-06-09 11:04:41.306,card,ANON-0000-0000-0141,27.92,Cortado
2024-06-09,2024-06-09 11:07:08.108,card,ANON-0000-0000-0274,23.02,Espresso
2024-06-09,2024-06-09 11:52:49.616,card,ANON-0000-0000-0275,37.72,Cappuccino
2024-06-09,2024-06-09 12:11:23.640,card,ANON-0000-0000-0276,32.82,Americano with Milk
2024-06-09,2024-06-09 12:13:08.067,card,ANON-0000-0000-0276,37.72,Latte
2024-06-09,2024-06-09 12:14:10.783,card,ANON-0000-0000-0276,37.72,Latte
2024-06-09,2024-06-09 15:10:30.692,card,ANON-0000-0000-0277,27.92,Cortado
2024-06-09,2024-06-09 16:17:28.189,card,ANON-0000-0000-0278,37.72,Cappuccino
2024-06-09,2024-06-09 19:21:19.277,card,ANON-0000-0000-0279,32.82,Americano with Milk
2024-06-09,2024-06-09 21:05:08.844,card,ANON-0000-0000-0280,27.92,Americano
2024-06-10,2024-06-10 12:47:49.861,card,ANON-0000-0000-0281,37.72,Cappuccino
2024-06-10,2024-06-10 12:56:48.268,card,ANON-0000-0000-0097,37.72,Latte
2024-06-10,2024-06-10 19:04:28.106,card,ANON-0000-0000-0282,37.72,Hot Chocolate
2024-06-10,2024-06-10 19:05:22.770,card,ANON-0000-0000-0282,37.72,Hot Chocolate
2024-06-10,2024-06-10 19:37:23.602,card,ANON-0000-0000-0283,37.72,Latte
2024-06-10,2024-06-10 19:38:19.678,card,ANON-0000-0000-0283,37.72,Latte
2024-06-11,2024-06-11 10:38:03.953,card,ANON-0000-0000-0284,32.82,Americano with Milk
2024-06-11,2024-06-11 18:48:25.292,card,ANON-0000-0000-0285,37.72,Latte
2024-06-11,2024-06-11 18:49:36.428,card,ANON-0000-0000-0285,37.72,Latte
2024-06-11,2024-06-11 21:17:03.344,card,ANON-0000-0000-0286,37.72,Hot Chocolate
2024-06-11,2024-06-11 21:27:41.900,card,ANON-0000-0000-0287,32.82,Americano with Milk
2024-06-11,2024-06-11 21:28:50.220,card,ANON-0000-0000-0287,32.82,Americano with Milk
2024-06-12,2024-06-12 10:18:18.786,card,ANON-0000-0000-0288,37.72,Hot Chocolate
2024-06-12,2024-06-12 11:51:43.858,card,ANON-0000-0000-0289,37.72,Cappuccino
2024-06-12,2024-06-12 17:41:17.179,card,ANON-0000-0000-0283,37.72,Latte
2024-06-12,2024-06-12 17:47:27.878,card,ANON-0000-0000-0290,37.72,Latte
2024-06-12,2024-06-12 20:16:33.648,card,ANON-0000-0000-0256,37.72,Hot Chocolate
2024-06-12,2024-06-12 20:25:34.239,card,ANON-0000-0000-0291,32.82,Americano with Milk
2024-06-13,2024-06-13 08:54:24.207,card,ANON-0000-0000-0292,27.92,Americano
2024-06-13,2024-06-13 08:57:25.592,card,ANON-0000-0000-0097,37.72,Latte
2024-06-13,2024-06-13 09:50:25.038,card,ANON-0000-0000-0293,32.82,Americano with Milk
2024-06-13,2024-06-13 09:57:11.518,card,ANON-0000-0000-0141,27.92,Cortado
2024-06-13,2024-06-13 17:04:58.601,card,ANON-0000-0000-0294,32.82,Americano with Milk
2024-06-13,2024-06-13 17:27:46.626,card,ANON-0000-0000-0295,37.72,Hot Chocolate
2024-06-13,2024-06-13 19:22:19.083,card,ANON-0000-0000-0296,37.72,Latte
2024-06-13,2024-06-13 20:20:51.762,card,ANON-0000-0000-0012,32.82,Americano with Milk
2024-06-13,2024-06-13 20:43:45.991,card,ANON-0000-0000-0012,23.02,Espresso
2024-06-13,2024-06-13 20:45:00.615,card,ANON-0000-0000-0295,23.02,Espresso
2024-06-13,2024-06-13 20:48:17.902,card,ANON-0000-0000-0009,32.82,Americano with Milk
2024-06-13,2024-06-13 21:02:28.377,card,ANON-0000-0000-0009,32.82,Americano with Milk
2024-06-14,2024-06-14 07:46:13.238,card,ANON-0000-0000-0141,27.92,Cortado
2024-06-14,2024-06-14 10:30:31.584,card,ANON-0000-0000-0297,27.92,Americano
2024-06-14,2024-06-14 12:14:41.696,card,ANON-0000-0000-0097,37.72,Latte
2024-06-14,2024-06-14 18:29:53.399,card,ANON-0000-0000-0298,32.82,Americano with Milk
2024-06-15,2024-06-15 11:26:01.974,card,ANON-0000-0000-0299,37.72,Cappuccino
2024-06-15,2024-06-15 12:21:28.135,card,ANON-0000-0000-0300,37.72,Latte
2024-06-15,2024-06-15 12:22:46.942,card,ANON-0000-0000-0300,32.82,Americano with Milk
2024-06-15,2024-06-15 12:23:52.166,card,ANON-0000-0000-0300,23.02,Espresso
2024-06-15,2024-06-15 12:24:35.130,card,ANON-0000-0000-0300,37.72,Cocoa
2024-06-15,2024-06-15 12:25:23.960,card,ANON-0000-0000-0300,32.82,Americano with Milk
2024-06-15,2024-06-15 16:03:29.909,card,ANON-0000-0000-0301,32.82,Americano with Milk
2024-06-15,2024-06-15 18:14:04.623,card,ANON-0000-0000-0302,27.92,Americano
2024-06-16,2024-06-16 10:43:51.456,card,ANON-0000-0000-0059,32.82,Americano with Milk
2024-06-16,2024-06-16 10:58:41.366,card,ANON-0000-0000-0303,37.72,Latte
2024-06-16,2024-06-16 11:00:38.191,card,ANON-0000-0000-0303,37.72,Hot Chocolate
2024-06-16,2024-06-16 11:01:41.488,card,ANON-0000-0000-0303,37.72,Hot Chocolate
2024-06-16,2024-06-16 12:49:27.624,card,ANON-0000-0000-0276,32.82,Americano with Milk
2024-06-16,2024-06-16 14:00:38.992,card,ANON-0000-0000-0274,23.02,Espresso
2024-06-16,2024-06-16 15:02:36.332,card,ANON-0000-0000-0304,32.82,Americano with Milk
2024-06-16,2024-06-16 15:05:10.421,card,ANON-0000-0000-0304,32.82,Americano with Milk
2024-06-16,2024-06-16 15:43:59.593,card,ANON-0000-0000-0305,37.72,Hot Chocolate
2024-06-16,2024-06-16 16:47:36.521,card,ANON-0000-0000-0306,37.72,Hot Chocolate
2024-06-16,2024-06-16 17:45:17.267,card,ANON-0000-0000-0059,32.82,Americano with Milk
2024-06-16,2024-06-16 17:46:16.554,card,ANON-0000-0000-0059,32.82,Americano with Milk
2024-06-17,2024-06-17 08:57:24.044,card,ANON-0000-0000-0307,27.92,Americano
2024-06-17,2024-06-17 10:12:05.139,card,ANON-0000-0000-0308,27.92,Cortado
2024-06-17,2024-06-17 10:13:37.575,card,ANON-0000-0000-0308,27.92,Cortado
2024-06-17,2024-06-17 10:55:51.608,card,ANON-0000-0000-0042,37.72,Cappuccino
2024-06-17,2024-06-17 14:51:35.381,card,ANON-0000-0000-0164,37.72,Cappuccino
2024-06-17,2024-06-17 16:50:13.441,card,ANON-0000-0000-0012,37.72,Cappuccino
2024-06-17,2024-06-17 16:51:11.038,card,ANON-0000-0000-0012,37.72,Cappuccino
2024-06-17,2024-06-17 16:52:36.336,card,ANON-0000-0000-0012,27.92,Americano
2024-06-17,2024-06-17 18:51:19.631,card,ANON-0000-0000-0309,27.92,Americano
2024-06-17,2024-06-17 21:16:11.485,card,ANON-0000-0000-0009,32.82,Americano with Milk
2024-06-18,2024-06-18 14:04:06.125,card,ANON-0000-0000-0299,27.92,Americano
2024-06-18,2024-06-18 14:05:12.313,card,ANON-0000-0000-0299,37.72,Cappuccino
2024-06-18,2024-06-18 19:20:40.571,card,ANON-0000-0000-0154,37.72,Cappuccino
2024-06-18,2024-06-18 19:21:38.892,card,ANON-0000-0000-0154,37.72,Cappuccino
2024-06-18,2024-06-18 20:35:49.497,card,ANON-0000-0000-0310,27.92,Cortado
2024-06-18,2024-06-18 21:20:49.526,card,ANON-0000-0000-0012,32.82,Americano with Milk
2024-06-18,2024-06-18 21:22:18.518,card,ANON-0000-0000-0012,32.82,Americano with Milk
2024-06-19,2024-06-19 07:47:19.833,card,ANON-0000-0000-0311,37.72,Latte
2024-06-19,2024-06-19 08:17:54.508,card,ANON-0000-0000-0141,27.92,Cortado
2024-06-19,2024-06-19 10:54:00.492,card,ANON-0000-0000-0312,27.92,Americano
2024-06-19,2024-06-19 11:11:27.807,card,ANON-0000-0000-0313,37.72,Latte
2024-06-19,2024-06-19 11:12:31.412,card,ANON-0000-0000-0313,37.72,Cocoa
2024-06-19,2024-06-19 14:21:36.258,card,ANON-0000-0000-0164,32.82,Americano with Milk
2024-06-19,2024-06-19 18:28:43.437,card,ANON-0000-0000-0153,37.72,Cappuccino
2024-06-19,2024-06-19 18:29:58.961,card,ANON-0000-0000-0153,37.72,Latte
2024-06-19,2024-06-19 19:31:31.293,card,ANON-0000-0000-0009,32.82,Americano with Milk
2024-06-19,2024-06-19 21:28:59.485,card,ANON-0000-0000-0192,37.72,Cappuccino
2024-06-19,2024-06-19 21:30:03.484,card,ANON-0000-0000-0192,32.82,Americano with Milk
2024-06-20,2024-06-20 10:50:06.453,card,ANON-0000-0000-0097,37.72,Latte
2024-06-20,2024-06-20 18:59:02.082,card,ANON-0000-0000-0314,37.72,Latte
2024-06-20,2024-06-20 19:00:00.237,card,ANON-0000-0000-0314,37.72,Latte
2024-06-20,2024-06-20 21:39:10.013,card,ANON-0000-0000-0257,37.72,Latte
2024-06-20,2024-06-20 21:57:40.554,card,ANON-0000-0000-0009,37.72,Latte
2024-06-20,2024-06-20 21:59:17.598,card,ANON-0000-0000-0009,32.82,Americano with Milk
2024-06-21,2024-06-21 09:59:55.930,card,ANON-0000-0000-0311,37.72,Latte
2024-06-21,2024-06-21 10:01:40.183,card,ANON-0000-0000-0315,27.92,Americano
2024-06-21,2024-06-21 13:19:19.416,card,ANON-0000-0000-0012,32.82,Americano with Milk
2024-06-21,2024-06-21 13:20:31.513,card,ANON-0000-0000-0012,32.82,Americano with Milk
2024-06-21,2024-06-21 18:12:16.064,card,ANON-0000-0000-0316,23.02,Espresso
2024-06-21,2024-06-21 19:30:26.651,card,ANON-0000-0000-0009,37.72,Latte
2024-06-21,2024-06-21 19:47:06.201,card,ANON-0000-0000-0154,37.72,Cappuccino
2024-06-21,2024-06-21 19:48:06.713,card,ANON-0000-0000-0154,37.72,Cappuccino
2024-06-21,2024-06-21 19:49:54.505,card,ANON-0000-0000-0180,37.72,Cappuccino
2024-06-21,2024-06-21 19:51:00.211,card,ANON-0000-0000-0180,37.72,Cappuccino
2024-06-21,2024-06-21 19:52:18.775,card,ANON-0000-0000-0180,27.92,Americano
2024-06-21,2024-06-21 19:55:37.142,card,ANON-0000-0000-0311,32.82,Americano with Milk
2024-06-22,2024-06-22 08:39:50.273,card,ANON-0000-0000-0141,27.92,Cortado
2024-06-22,2024-06-22 09:37:48.779,card,ANON-0000-0000-0311,32.82,Americano with Milk
2024-06-22,2024-06-22 12:53:15.541,card,ANON-0000-0000-0317,32.82,Americano with Milk
2024-06-22,2024-06-22 15:37:20.137,card,ANON-0000-0000-0009,37.72,Latte
2024-06-22,2024-06-22 22:10:22.998,card,ANON-0000-0000-0318,37.72,Cappuccino
2024-06-23,2024-06-23 18:12:01.406,card,ANON-0000-0000-0012,32.82,Americano with Milk
2024-06-23,2024-06-23 18:13:50.638,card,ANON-0000-0000-0012,32.82,Americano with Milk
2024-06-23,2024-06-23 21:06:46.956,card,ANON-0000-0000-0319,37.72,Cappuccino
2024-06-23,2024-06-23 21:29:07.823,card,ANON-0000-0000-0320,37.72,Latte
2024-06-23,2024-06-23 21:30:36.375,card,ANON-0000-0000-0320,37.72,Cappuccino
2024-06-24,2024-06-24 11:44:39.939,card,ANON-0000-0000-0164,32.82,Americano with Milk
2024-06-24,2024-06-24 11:49:36.044,card,ANON-0000-0000-0180,37.72,Cappuccino
2024-06-24,2024-06-24 11:50:44.080,card,ANON-0000-0000-0180,37.72,Cappuccino
2024-06-24,2024-06-24 15:02:28.995,card,ANON-0000-0000-0321,37.72,Latte
2024-06-24,2024-06-24 16:46:00.573,card,ANON-0000-0000-0203,37.72,Cappuccino
2024-06-24,2024-06-24 16:47:00.409,card,ANON-0000-0000-0203,37.72,Cappuccino
2024-06-25,2024-06-25 08:19:24.244,card,ANON-0000-0000-0322,37.72,Latte
2024-06-25,2024-06-25 10:28:26.408,card,ANON-0000-0000-0012,32.82,Americano with Milk
2024-06-25,2024-06-25 10:29:42.410,card,ANON-0000-0000-0040,32.82,Americano with Milk
2024-06-25,2024-06-25 11:34:52.296,card,ANON-0000-0000-0203,37.72,Cappuccino
2024-06-26,2024-06-26 09:33:01.706,card,ANON-0000-0000-0323,37.72,Latte
2024-06-26,2024-06-26 16:32:29.453,card,ANON-0000-0000-0324,23.02,Espresso
2024-06-26,2024-06-26 16:34:01.607,card,ANON-0000-0000-0325,27.92,Americano
2024-06-26,2024-06-26 21:21:53.296,card,ANON-0000-0000-0009,37.72,Latte
2024-06-26,2024-06-26 21:27:00.807,card,ANON-0000-0000-0009,37.72,Cappuccino
2024-06-26,2024-06-26 21:28:14.566,card,ANON-0000-0000-0206,32.82,Americano with Milk
2024-06-27,2024-06-27 09:15:43.173,card,ANON-0000-0000-0326,32.82,Americano with Milk
2024-06-27,2024-06-27 16:11:48.000,card,ANON-0000-0000-0327,27.92,Cortado
2024-06-27,2024-06-27 21:44:03.372,card,ANON-0000-0000-0328,32.82,Americano with Milk
2024-06-27,2024-06-27 21:50:31.617,card,ANON-0000-0000-0329,37.72,Cappuccino
2024-06-28,2024-06-28 08:08:35.044,card,ANON-0000-0000-0141,27.92,Cortado
2024-06-28,2024-06-28 17:51:53.993,card,ANON-0000-0000-0274,23.02,Espresso
2024-06-28,2024-06-28 21:50:55.375,card,ANON-0000-0000-0330,32.82,Americano with Milk
2024-06-28,2024-06-28 21:52:01.867,card,ANON-0000-0000-0331,37.72,Latte
2024-06-28,2024-06-28 22:28:19.976,card,ANON-0000-0000-0332,37.72,Cappuccino
2024-06-29,2024-06-29 09:47:10.304,card,ANON-0000-0000-0097,32.82,Americano with Milk
2024-06-29,2024-06-29 11:40:19.582,card,ANON-0000-0000-0333,32.82,Americano with Milk
2024-06-29,2024-06-29 11:41:26.609,card,ANON-0000-0000-0333,32.82,Americano with Milk
2024-06-29,2024-06-29 12:30:24.358,card,ANON-0000-0000-0334,37.72,Cappuccino
2024-06-29,2024-06-29 12:31:42.582,card,ANON-0000-0000-0334,37.72,Cappuccino
2024-06-29,2024-06-29 17:23:43.583,card,ANON-0000-0000-0335,37.72,Cappuccino
2024-06-29,2024-06-29 17:24:52.377,card,ANON-0000-0000-0335,37.72,Hot Chocolate
2024-06-29,2024-06-29 21:27:22.449,card,ANON-0000-0000-0009,37.72,Latte
2024-06-30,2024-06-30 10:28:09.842,card,ANON-0000-0000-0336,37.72,Latte
2024-06-30,2024-06-30 13:05:50.620,card,ANON-0000-0000-0337,23.02,Espresso
2024-06-30,2024-06-30 16:54:41.679,card,ANON-0000-0000-0009,37.72,Hot Chocolate
2024-06-30,2024-06-30 21:04:09.746,card,ANON-0000-0000-0097,32.82,Americano with Milk
